"","title","survived","age","pclass","sibsp","parch","family_size","child","sex","deck"
"326","Mrs","0","40","2","0","0","0","Adult","Female","A"
"128","Mr","0","47","1","0","0","0","Adult","Male","B"
"907","Mr","1","30","3","0","0","4","Adult","Male","E"
"570","Miss","0","58","2","1","0","2","Adult","Female","B"
"693","Mr","0","43","2","0","0","0","Adult","Male","A"
"104","Mr","0","55","1","0","0","0","Adult","Male","D"
"313","Mr","1","33","2","0","0","0","Adult","Male","B"
"661","Nobleman","0","0.83","2","0","2","4","Child","Male","R"
"114","Mr","1","50","1","0","0","0","Adult","Male","B"
"1202","Mr","0","40","3","0","0","0","Adult","Male","E"
"6","Miss","0","15","1","0","2","5","Child","Female","B"
"498","Mrs","0","65","2","0","0","0","Adult","Female","E"
"613","Miss","1","7","2","4","2","7","Child","Female","B"
"1196","Mr","1","30","3","0","0","0","Adult","Male","E"
"351","Mr","0","32","2","0","0","0","Adult","Male","B"
"112","Mrs","0","35","1","2","1","4","Adult","Female","A"
"653","Mr","1","38","2","0","0","7","Adult","Male","A"
"764","Nobleman","0","0.2","2","0","1","2","Child","Male","D"
"271","Mr","0","45","1","0","0","0","Adult","Male","E"
"488","Nobleman","0","11","2","0","0","2","Child","Male","B"
"190","Mrs","0","31","1","0","0","0","Adult","Female","D"
"550","Mrs","0","38","2","0","1","2","Adult","Female","B"
"377","Miss","0","59","2","0","0","0","Adult","Female","D"
"1077","Mr","1","43","3","0","0","0","Adult","Male","B"
"932","Mr","0","42","3","0","0","0","Adult","Male","B"
"76","Mr","0","62","1","0","0","0","Adult","Male","D"
"257","Mrs","0","60","1","0","0","0","Adult","Female","D"
"249","Mrs","0","64","1","0","0","4","Adult","Female","D"
"840","Mrs","0","26","2","1","0","2","Adult","Female","C"
"734","Mrs","1","28","2","0","1","2","Adult","Female","D"
"1215","Mr","1","42","3","0","0","0","Adult","Male","A"
"1203","Mr","0","46","3","0","0","0","Adult","Male","B"
"113","Nobleman","1","15","1","0","0","0","Child","Male","B"
"1113","Mr","1","27","3","0","0","0","Adult","Male","B"
"1067","Miss","0","32","3","0","0","0","Adult","Female","A"
"564","Miss","0","40","2","0","0","0","Adult","Female","C"
"1022","Mr","1","18","3","0","0","0","Adult","Male","D"
"357","Mr","0","43","2","0","0","0","Adult","Male","B"
"900","Mr","0","39","3","0","0","0","Adult","Male","C"
"1200","Mr","0","22","3","0","0","0","Adult","Male","B"
"158","Miss","0","23","1","0","0","8","Adult","Female","E"
"239","Mrs","0","44","1","0","0","0","Adult","Female","D"
"78","Mr","0","23","1","0","0","0","Adult","Male","D"
"938","Mrs","0","36","3","1","1","3","Adult","Female","B"
"308","Mrs","1","26","2","0","1","2","Adult","Female","C"
"1080","Mr","0","26","3","0","0","0","Adult","Male","B"
"807","Mrs","0","38","2","0","0","0","Adult","Female","B"
"591","Mrs","0","30","2","1","0","2","Adult","Female","B"
"1174","Mr","1","37","3","0","0","0","Adult","Male","B"
"97","Mr","0","47","1","1","0","2","Adult","Male","D"
"611","Nobleman","1","7","2","4","2","7","Child","Male","B"
"20","Mr","1","34","1","1","1","3","Adult","Male","B"
"587","Miss","0","1.3","2","0","1","2","Child","Female","E"
"774","Mr","0","32","2","0","0","0","Adult","Male","A"
"155","Miss","1","15","1","0","2","4","Child","Female","B"
"497","Mr","1","36","2","0","0","0","Adult","Male","D"
"748","Mr","0","29","2","1","0","2","Adult","Male","E"
"177","Miss","0","35","1","0","0","4","Adult","Female","D"
"233","Mr","0","51","1","0","0","0","Adult","Male","A"
"237","Miss","0","38","1","0","0","0","Adult","Female","B"
"622","Mr","0","31 ?","2","0","0","0","Adult","Male","D"
"115","Mr","0","44","1","0","0","3","Adult","Male","B"
"1238","Mrs","0","22","3","0","0","0","Adult","Female","D"
"760","Mr","1","27","2","0","0","0","Adult","Male","D"
"3","Mr","0","58","1","1","0","2","Adult","Male","B"
"1100","Mr","0","39","3","0","0","0","Adult","Male","D"
"897","Mr","1","30","3","1","0","0","Adult","Male","B"
"822","Miss","0","5","2","0","1","2","Child","Female","B"
"744","Mr","0","37","2","0","0","0","Adult","Male","D"
"842","Mr","1","20","2","0","0","0","Adult","Male","C"
"161","Mrs","0","34","1","0","2","3","Adult","Female","D"
"541","Mr","1","27","2","0","0","0","Adult","Male","D"
"242","Mr","1","41","1","0","0","2","Adult","Male","E"
"401","Mr","0","33","2","1","0","2","Adult","Male","B"
"1183","Mr","1","19","3","1","0","2","Adult","Male","D"
"1101","Miss","0","26","3","0","0","0","Adult","Female","D"
"1097","Mr","0","32","3","0","0","0","Adult","Male","A"
"862","Mrs","1","60","2","0","0","0","Adult","Female","R"
"859","Mr","1","33","2","0","0","0","Adult","Male","C"
"417","Miss","0","34","2","0","0","2","Adult","Female","B"
"982","Miss","0","24","3","0","0","0","Adult","Female","D"
"929","Mr","0","44","3","0","0","0","Adult","Male","D"
"405","Mrs","0","51","2","1","0","2","Adult","Female","B"
"223","Mr","0","54","1","1","0","2","Adult","Male","B"
"1247","Mr","0","45","3","0","0","0","Adult","Male","A"
"855","Nobleman","0","0.83","2","2","2","5","Child","Male","B"
"1003","Miss","0","22","3","1","0","2","Adult","Female","E"
"33","Mr","0","28","1","0","0","0","Adult","Male","B"
"199","Mr","0","35","1","0","0","0","Adult","Male","B"
"440","Mr","1","21","2","0","0","0","Adult","Male","R"
"1205","Miss","0","40","3","0","0","0","Adult","Female","D"
"785","Mr","0","33","2","1","0","2","Adult","Male","B"
"994","Mr","0","35","3","0","0","0","Adult","Male","B"
"409","Miss","0","26","2","0","0","0","Adult","Female","B"
"810","Mr","1","22","2","0","0","0","Adult","Male","C"
"277","Mrs","0","52","1","0","0","0","Adult","Female","E"
"1118","Mr","1","32","3","0","0","0","Adult","Male","B"
"607","Miss","0","39","2","0","0","0","Adult","Female","D"
"1180","Mr","0","30","3","0","0","0","Adult","Male","B"
"913","Mr","1","28","3","0","0","0","Adult","Male","D"
"806","Mr","1","40","2","0","0","0","Adult","Male","B"
"311","Mrs","0","27","2","0","0","0","Adult","Female","B"
"1255","Nobleman","0","4","3","1","1","3","Child","Male","E"
"150","Mr","1","36","1","0","0","0","Adult","Male","B"
"241","Mr","0","26","1","0","0","0","Adult","Male","D"
"415","Mrs","0","33","2","1","1","3","Adult","Female","B"
"678","Mrs","1","49","2","1","0","2","Adult","Female","C"
"901","Mr","0","22","3","0","0","0","Adult","Male","B"
"1192","Mr","1","33","3","0","0","0","Adult","Male","B"
"379","Mr","0","47","2","0","0","0","Adult","Male","D"
"930","Mr","0","50","3","1","0","2","Adult","Male","D"
"790","Miss","0","0.2","2","0","1","2","Child","Female","D"
"966","Mrs","1","40","3","2","2","5","Adult","Female","D"
"534","Mrs","1","33","2","0","0","0","Adult","Female","D"
"791","Nobleman","1","0.83","2","0","1","2","Child","Male","B"
"832","Mr","0","18","2","0","0","0","Adult","Male","B"
"260","Mrs","1","32","1","0","0","0","Adult","Female","B"
"1222","Mrs","1","25","3","0","0","0","Adult","Female","B"
"659","Mr","1","45","2","0","0","0","Adult","Male","E"
"220","Mr","1","33","1","0","0","3","Adult","Male","E"
"1109","Mrs","1","26","3","1","0","6","Adult","Female","D"
"983","Mr","0","24","3","0","0","0","Adult","Male","D"
"1165","Mr","0","26","3","0","0","0","Adult","Male","D"
"633","Miss","0","34","2","0","0","0","Adult","Female","D"
"314","Mr","0","37","2","0","0","0","Adult","Male","D"
"799","Mr","1","38","2","1","1","3","Adult","Male","C"
"888","Mrs","0","38","2","0","0","0","Adult","Female","B"
"1239","Mrs","0","26","3","0","0","0","Adult","Female","D"
"92","Mr","1","45","1","0","0","3","Adult","Male","B"
"422","Mr","0","43","2","0","0","7","Adult","Male","D"
"1094","Mrs","1","27","3","0","1","2","Adult","Female","B"
"476","Mr","0","55","2","0","0","0","Adult","Male","D"
"686","Mr","0","23","2","0","0","0","Adult","Male","D"
"18","Mr","0","32","1","0","0","0","Adult","Male","E"
"778","Mr","0","29","2","0","0","0","Adult","Male","B"
"334","Rev","0","53","2","1","0","2","Adult","Male","B"
"1142","Mr","0","28","3","0","0","0","Adult","Male","B"
"1040","Mrs","1","24","3","0","0","0","Adult","Female","B"
"971","Mr","0","47","3","0","0","0","Adult","Male","B"
"213","Mr","1","59","1","0","0","0","Adult","Male","B"
"407","Mr","1","38","2","0","0","0","Adult","Male","D"
"329","Mr","1","56","2","0","0","0","Adult","Male","D"
"1232","Mr","1","31","3","2","0","3","Adult","Male","B"
"674","Miss","1","34","2","0","0","0","Adult","Female","B"
"1044","Nobleman","1","11","3","1","2","6","Child","Male","D"
"19","Mr","1","40","1","0","0","0","Adult","Male","A"
"1137","Mr","0","32","3","0","0","0","Adult","Male","D"
"117","Mr","0","58","1","1","0","2","Adult","Male","B"
"834","Mr","0","30","2","0","0","0","Adult","Male","D"
"35","Mr","1","41","1","0","0","0","Adult","Male","E"
"1163","Mr","1","30","3","1","2","4","Adult","Male","D"
"395","Miss","0","54","2","0","0","0","Adult","Female","A"
"1039","Mrs","0","27","3","1","0","2","Adult","Female","D"
"62","Nobleman","0","16","1","1","6","8","Child","Male","D"
"792","Mrs","1","30","2","0","1","2","Adult","Female","B"
"206","Dr","0","53","1","1","0","4","Adult","Male","B"
"553","Mrs","0","31","2","0","1","2","Adult","Female","D"
"361","Mr","1","33","2","1","0","2","Adult","Male","R"
"1154","Mr","0","38","3","0","0","0","Adult","Male","C"
"1237","Mrs","1","43","3","1","0","2","Adult","Female","E"
"238","Mr","0","45","1","0","0","0","Adult","Male","D"
"681","Mr","1","23","2","0","0","0","Adult","Male","C"
"63","Nobleman","0","6","1","5","2","8","Child","Male","D"
"471","Mr","0","28","2","1","2","4","Adult","Male","D"
"708","Miss","0","4","2","2","2","5","Child","Female","B"
"325","Mr","0","28","2","0","0","0","Adult","Male","B"
"259","Mr","0","32","1","0","0","0","Adult","Male","B"
"518","Mr","1","32","2","0","0","0","Adult","Male","E"
"1162","Miss","1","4","3","1","2","4","Child","Female","D"
"529","Miss","0","21","2","0","0","0","Adult","Female","B"
"555","Miss","0","41","2","0","0","0","Adult","Female","B"
"214","Mr","0","59","1","1","0","2","Adult","Male","B"
"651","Miss","0","57","2","0","0","0","Adult","Female","B"
"829","Miss","0","0.83","2","0","2","3","Child","Female","D"
"557","Miss","0","34","2","0","0","0","Adult","Female","A"
"1001","Mrs","0","23","3","0","1","2","Adult","Female","B"
"172","Mr","1","48","1","0","0","0","Adult","Male","B"
"86","Mr","0","49","1","1","0","2","Adult","Male","B"
"1243","Mr","1","34","3","0","0","0","Adult","Male","B"
"1134","Mr","0","22","3","0","0","0","Adult","Male","B"
"235","Military","0","29","1","0","0","0","Adult","Male","B"
"15","Mr","1","43","1","0","0","0","Adult","Male","B"
"133","Mrs","0","50","1","1","0","2","Adult","Female","B"
"495","Mrs","1","26","2","1","0","2","Adult","Female","B"
"1177","Nobleman","1","15","3","1","1","3","Child","Male","B"
"175","Military","0","32","1","0","0","0","Adult","Male","A"
"520","Mrs","1","32","2","0","0","0","Adult","Female","B"
"1064","Mr","0","33","3","0","0","9","Adult","Male","E"
"144","Mr","0","47","1","1","0","3","Adult","Male","D"
"1076","Mr","0","59","3","0","0","0","Adult","Male","E"
"691","Miss","0","14","2","2","2","5","Child","Female","C"
"532","Mr","1","28","2","0","0","0","Adult","Male","D"
"544","Mr","1","24","2","0","0","7","Adult","Male","C"
"604","Mrs","0","39","2","0","0","0","Adult","Female","D"
"421","Mr","1","32","2","0","0","0","Adult","Male","R"
"926","Mr","0","39","3","0","0","0","Adult","Male","C"
"993","Mr","0","28","3","0","0","0","Adult","Male","E"
"134","Mr","1","52","1","0","0","3","Adult","Male","A"
"1220","Mr","1","40","3","1","1","3","Adult","Male","B"
"441","Mr","0","30","2","1","0","2","Adult","Male","C"
"142","Mrs","1","43","1","0","1","3","Adult","Female","A"
"1014","Mr","1","36","3","0","0","0","Adult","Male","D"
"727","Mrs","0","30","2","0","0","0","Adult","Female","R"
"111","Nobleman","0","8","1","1","2","4","Child","Male","A"
"293","Miss","0","6","2","0","0","0","Child","Female","B"
"715","Mrs","1","48","2","0","1","2","Adult","Female","D"
"883","Mrs","0","35","2","0","0","0","Adult","Female","B"
"135","Mr","0","49","1","0","0","2","Adult","Male","B"
"1059","Mr","1","24","3","0","0","0","Adult","Male","D"
"1121","Mr","1","22","3","0","0","0","Adult","Male","B"
"600","Mr","0","31","2","0","1","2","Adult","Male","B"
"820","Mr","0","45","2","0","0","0","Adult","Male","D"
"598","Mrs","1","52","2","0","1","2","Adult","Female","D"
"1153","Mr","1","30","3","0","0","0","Adult","Male","B"
"903","Nobleman","1","4","3","1","1","3","Child","Male","B"
"93","Mr","0","48","1","0","0","0","Adult","Male","B"
"54","Rev","1","64","1","0","0","0","Adult","Male","D"
"655","Miss","1","25","2","0","0","0","Adult","Female","D"
"244","Mrs","1","39","1","0","0","0","Adult","Female","B"
"34","Mr","0","63","1","0","0","0","Adult","Male","B"
"390","Mr","1","36","2","1","0","2","Adult","Male","D"
"240","Mrs","0","36","1","0","0","0","Adult","Female","B"
"333","Mr","1","18","2","0","1","2","Adult","Male","D"
"736","Mr","1","29","2","0","0","0","Adult","Male","R"
"1245","Mr","0","27","3","0","0","0","Adult","Male","B"
"138","Miss","0","42","1","1","0","2","Adult","Female","D"
"1267","Mr","0","32","3","0","0","0","Adult","Male","B"
"222","Mr","1","23","1","0","0","0","Adult","Male","B"
"894","Mr","0","38","3","0","0","3","Adult","Male","E"
"1032","Mr","1","24","3","0","0","0","Adult","Male","B"
"1158","Miss","1","29","3","0","0","0","Adult","Female","B"
"515","Mrs","1","27","2","0","1","2","Adult","Female","C"
"757","Mr","0","37","2","0","0","0","Adult","Male","B"
"707","Miss","0","41","2","1","0","2","Adult","Female","D"
"648","Miss","1","36","2","0","0","0","Adult","Female","E"
"312","Mr","0","43","2","0","0","0","Adult","Male","B"
"363","Miss","0","30","2","0","0","0","Adult","Female","B"
"762","Mrs","1","35","2","0","0","0","Adult","Female","C"
"1213","Mr","0","17","3","0","0","0","Child","Male","B"
"964","Nobleman","1","0.83","3","2","2","5","Child","Male","B"
"472","Nobleman","1","11","2","1","2","4","Child","Male","R"
"397","Nobleman","0","0.5","2","0","1","2","Child","Male","D"
"1037","Mr","0","53","3","0","0","0","Adult","Male","B"
"459","Dr","1","27","2","0","0","0","Adult","Male","C"
"55","Mr","0","55","1","0","0","0","Adult","Male","D"
"645","Nobleman","0","6","2","0","0","0","Child","Male","D"
"160","Nobleman","0","9","1","1","1","3","Child","Male","D"
"1225","Mrs","0","40","3","0","1","3","Adult","Female","E"
"189","Mrs","1","49","1","0","0","0","Adult","Female","E"
"331","Nobleman","0","6","2","0","2","3","Child","Male","B"
"1187","Mr","0","32","3","0","0","0","Adult","Male","D"
"346","Nobleman","0","4","2","1","2","4","Child","Male","D"
"725","Mrs","0","45","2","0","0","0","Adult","Female","A"
"726","Mr","0","26","2","0","0","0","Adult","Male","D"
"803","Mrs","0","54","2","1","0","2","Adult","Female","C"
"752","Mr","0","31","2","0","0","0","Adult","Male","D"
"398","Mrs","0","31","2","0","1","2","Adult","Female","A"
"328","Mr","1","38","2","0","0","0","Adult","Male","D"
"1042","Miss","1","39","3","0","0","0","Adult","Female","E"
"1173","Mrs","0","30","3","1","0","2","Adult","Female","B"
"666","Mrs","0","70","2","0","1","2","Adult","Female","B"
"162","Mrs","0","59","1","0","0","2","Adult","Female","E"
"689","Mrs","1","35","2","1","4","5","Adult","Female","B"
"934","Mrs","0","29","3","0","1","2","Adult","Female","B"
"1251","Mrs","0","37","3","5","1","7","Adult","Female","D"
"1070","Miss","0","22","3","0","0","0","Adult","Female","B"
"316","Mrs","0","45","2","1","1","3","Adult","Female","B"
"1195","Mr","0","30","3","0","0","0","Adult","Male","A"
"336","Mrs","0","34","2","0","1","2","Adult","Female","B"
"572","Mr","1","26","2","0","0","7","Adult","Male","B"
"574","Mr","0","31","2","1","0","2","Adult","Male","B"
"592","Miss","0","32","2","0","0","0","Adult","Female","D"
"808","Mr","0","48","2","0","0","0","Adult","Male","B"
"1104","Mr","0","50","3","0","0","0","Adult","Male","B"
"188","Nobleman","1","49","1","0","0","4","Adult","Male","B"
"1130","Mr","0","24","3","0","0","0","Adult","Male","B"
"289","Mrs","0","56","1","0","0","0","Adult","Female","B"
"1110","Mrs","1","35","3","0","0","0","Adult","Female","D"
"781","Mrs","0","37","2","1","2","7","Adult","Female","D"
"278","Mrs","0","57","1","0","0","0","Adult","Female","B"
"132","Mr","0","41","1","1","0","2","Adult","Male","B"
"58","Mr","0","53","1","1","0","2","Adult","Male","E"
"185","Mr","0","61","1","0","0","0","Adult","Male","A"
"1056","Miss","1","32","3","0","0","0","Adult","Female","B"
"990","Mrs","1","43","3","0","0","0","Adult","Female","B"
"354","Nobleman","1","3","2","1","1","3","Child","Male","C"
"1052","Mr","0","29","3","0","0","0","Adult","Male","D"
"841","Miss","0","22","2","0","0","0","Adult","Female","D"
"89","Mr","0","48","1","0","0","0","Adult","Male","B"
"137","Mr","0","39","1","1","0","2","Adult","Male","D"
"875","Mr","1","21","2","0","0","2","Adult","Male","R"
"585","Mr","0","21","2","0","0","0","Adult","Male","R"
"344","Mrs","0","30","2","0","1","2","Adult","Female","D"
"454","Mrs","1","24","2","1","2","4","Adult","Female","C"
"506","Mrs","0","61","2","1","0","2","Adult","Female","A"
"332","Mrs","1","39","2","1","2","3","Adult","Female","E"
"1140","Mr","0","27","3","0","0","0","Adult","Male","D"
"935","Mr","1","37","3","0","0","0","Adult","Male","B"
"231","Mrs","0","56","1","0","1","2","Adult","Female","D"
"38","Mr","0","45","1","0","1","2","Adult","Male","A"
"1099","Mr","1","30","3","0","0","0","Adult","Male","E"
"540","Miss","0","31","2","0","0","0","Adult","Female","R"
"1015","Miss","0","23","3","0","0","0","Adult","Female","D"
"1186","Mr","0","25","3","0","0","0","Adult","Male","D"
"126","Mr","1","31","1","1","0","2","Adult","Male","A"
"1075","Miss","0","24","3","0","0","0","Adult","Female","D"
"979","Mrs","0","33","3","1","2","4","Adult","Female","A"
"786","Mrs","0","37","2","1","0","2","Adult","Female","C"
"512","Mr","0","59","2","0","0","0","Adult","Male","B"
"473","Nobleman","1","16","2","1","2","4","Child","Male","R"
"957","Mr","0","21","3","0","0","0","Adult","Male","C"
"965","Nobleman","1","3","3","2","2","5","Child","Male","D"
"596","Mr","0","29","2","1","1","3","Adult","Male","D"
"382","Miss","0","34","2","0","0","0","Adult","Female","B"
"854","Nobleman","0","0.83","2","2","2","5","Child","Male","R"
"637","Miss","0","0.5","2","0","0","0","Child","Female","B"
"939","Mr","0","28","3","0","0","0","Adult","Male","B"
"709","Mr","0","30","2","0","0","0","Adult","Male","B"
"867","Mrs","1","24","2","1","1","4","Adult","Female","D"
"168","Rev","0","68","1","0","0","0","Adult","Male","D"
"626","Mr","0","35","2","1","1","3","Adult","Male","D"
"616","Mr","1","28","2","0","0","0","Adult","Male","E"
"831","Mrs","1","37","2","1","0","2","Adult","Female","B"
"254","Mr","1","38","1","0","0","0","Adult","Male","B"
"745","Mr","0","45","2","0","0","0","Adult","Male","D"
"411","Nobleman","1","1.6","2","1","0","2","Child","Male","E"
"1124","Mr","0","27","3","0","0","0","Adult","Male","B"
"21","Mr","1","27","1","0","0","0","Adult","Male","E"
"531","Mr","1","32","2","0","0","0","Adult","Male","B"
"292","Miss","0","2","2","0","0","0","Child","Female","A"
"1185","Mr","0","48","3","0","0","0","Adult","Male","B"
"657","Mrs","0","42","2","0","0","0","Adult","Female","D"
"868","Mrs","1","49","2","0","0","0","Adult","Female","B"
"1181","Mr","1","26","3","0","0","0","Adult","Male","B"
"295","Mr","1","36","2","0","0","0","Adult","Male","E"
"954","Mr","0","57","3","0","0","0","Adult","Male","B"
"453","Mrs","0","29","2","0","0","0","Adult","Female","D"
"51","Mrs","1","59","1","1","0","2","Adult","Female","B"
"358","Mr","1","43","2","0","0","0","Adult","Male","B"
"353","Miss","1","8","2","0","1","2","Child","Female","D"
"1005","Mr","0","37","3","0","0","0","Adult","Male","A"
"1053","Mr","0","34","3","0","0","0","Adult","Male","D"
"578","Miss","0","28","2","0","1","2","Adult","Female","E"
"156","Mr","0","43","1","1","1","4","Adult","Male","B"
"949","Mr","0","48","3","0","0","0","Adult","Male","B"
"728","Miss","0","34","2","0","0","0","Adult","Female","D"
"559","Miss","0","2","2","0","1","2","Child","Female","B"
"68","Miss","0","12","1","5","2","8","Child","Female","D"
"167","Mr","1","38","1","0","0","0","Adult","Male","B"
"207","Mrs","0","52","1","1","0","4","Adult","Female","B"
"997","Mrs","1","27","3","1","0","2","Adult","Female","A"
"439","Mr","1","19","2","0","0","0","Adult","Male","D"
"599","Miss","1","16","2","0","1","2","Child","Female","D"
"992","Miss","0","34","3","0","0","0","Adult","Female","A"
"201","Miss","1","0.2","1","3","2","8","Child","Female","E"
"475","Mr","0","51","2","0","0","0","Adult","Male","D"
"197","Mr","0","63","1","0","1","2","Adult","Male","B"
"221","Mr","1","36","1","0","0","0","Adult","Male","B"
"253","Mr","0","38","1","0","0","0","Adult","Male","E"
"1265","Mr","0","27","3","0","0","0","Adult","Male","E"
"374","Mrs","0","40","2","0","0","0","Adult","Female","A"
"7","Miss","0","16","1","1","1","5","Child","Female","B"
"612","Mrs","0","49","2","4","2","7","Adult","Female","B"
"1068","Miss","1","26","3","0","0","0","Adult","Female","D"
"538","Mr","0","36","2","1","0","2","Adult","Male","B"
"909","Mr","0","39","3","0","0","9","Adult","Male","D"
"40","Mr","1","37","1","0","0","0","Adult","Male","C"
"1136","Miss","1","25","3","0","0","0","Adult","Female","E"
"1072","Miss","1","30","3","0","0","0","Adult","Female","B"
"776","Mr","0","56","2","2","2","7","Adult","Male","D"
"843","Miss","0","35","2","0","0","0","Adult","Female","D"
"71","Mr","1","35","1","0","0","0","Adult","Male","D"
"302","Miss","1","16","2","1","1","4","Child","Female","E"
"121","Mr","0","55","1","0","0","0","Adult","Male","E"
"981","Mr","1","41","3","0","0","0","Adult","Male","E"
"985","Dr","0","54","3","0","0","0","Adult","Male","B"
"852","Miss","1","34","2","0","0","0","Adult","Female","E"
"234","Mr","1","44","1","0","0","0","Adult","Male","A"
"389","Mrs","0","24","2","0","0","0","Adult","Female","C"
"339","Miss","0","35","2","0","0","0","Adult","Female","C"
"146","Mr","1","35","1","0","0","2","Adult","Male","B"
"905","Mr","0","45","3","0","0","0","Adult","Male","A"
"99","Mr","1","46","1","1","0","2","Adult","Male","D"
"830","Mr","1","30","2","1","0","2","Adult","Male","B"
"837","Mr","0","27","2","0","0","0","Adult","Male","D"
"1033","Mr","0","37","3","1","0","2","Adult","Male","B"
"463","Mr","1","37","2","0","0","2","Adult","Male","A"
"893","Mr","0","30","3","0","0","3","Adult","Male","B"
"151","Mr","0","45","1","0","0","0","Adult","Male","A"
"181","Mr","0","48","1","0","0","0","Adult","Male","B"
"1242","Mrs","0","69","3","0","0","0","Adult","Female","D"
"163","Noblewoman","1","32","1","0","1","3","Adult","Female","B"
"1058","Mr","0","36","3","0","0","0","Adult","Male","B"
"285","Mr","0","37","1","0","0","0","Adult","Male","B"
"131","Mrs","0","53","1","1","0","2","Adult","Female","B"
"171","Mr","0","38","1","0","0","0","Adult","Male","D"
"539","Mrs","0","39","2","1","0","2","Adult","Female","C"
"300","Miss","0","2","2","0","1","2","Child","Female","D"
"920","Mr","0","38","3","1","2","4","Adult","Male","E"
"1257","Miss","0","2","3","1","1","3","Child","Female","D"
"1252","Miss","0","4","3","5","1","7","Child","Female","B"
"1002","Mr","0","26","3","1","0","2","Adult","Male","D"
"487","Mrs","0","24","2","0","2","3","Adult","Female","B"
"624","Mr","0","18","2","0","2","3","Adult","Male","B"
"1235","Mr","0","41","3","0","0","0","Adult","Male","B"
"809","Mr","1","29","2","0","0","0","Adult","Male","B"
"1233","Mrs","1","27","3","2","0","3","Adult","Female","B"
"419","Mrs","1","34","2","1","0","2","Adult","Female","E"
"73","Mr","0","48","1","0","0","2","Adult","Male","D"
"870","Miss","1","25","2","1","0","2","Adult","Female","D"
"1190","Mr","1","27","3","1","0","2","Adult","Male","E"
"714","Nobleman","1","17","2","0","1","2","Child","Male","R"
"1105","Miss","0","24","3","0","1","2","Adult","Female","E"
"1111","Mrs","1","56","3","0","0","0","Adult","Female","B"
"443","Mr","0","45","2","0","0","0","Adult","Male","C"
"157","Mrs","0","37","1","1","1","4","Adult","Female","B"
"1179","Mrs","1","53","3","1","1","3","Adult","Female","C"
"383","Mr","0","33","2","1","0","2","Adult","Male","D"
"528","Miss","0","35","2","0","0","2","Adult","Female","E"
"335","Mrs","1","55","2","1","0","2","Adult","Female","B"
"999","Mrs","0","34","3","1","0","2","Adult","Female","D"
"193","Mr","0","40","1","0","0","0","Adult","Male","A"
"1160","Mrs","0","26","3","0","0","0","Adult","Female","B"
"735","Miss","0","1.5","2","0","1","2","Child","Female","B"
"1149","Mr","1","27","3","0","0","0","Adult","Male","A"
"839","Mr","0","28","2","1","0","2","Adult","Male","C"
"1048","Mrs","1","42","3","0","0","0","Adult","Female","B"
"824","Nobleman","0","10","2","0","1","2","Child","Male","D"
"742","Miss","0","1.5","2","2","2","6","Child","Female","D"
"169","Mr","0","43","1","0","0","0","Adult","Male","D"
"739","Nobleman","1","4","2","2","3","6","Child","Male","D"
"255","Mr","1","31","1","0","0","0","Adult","Male","B"
"526","Mr","0","25","2","0","0","0","Adult","Male","D"
"914","Mr","1","40","3","2","0","3","Adult","Male","B"
"524","Mrs","1","34","2","0","0","0","Adult","Female","B"
"170","Mr","1","60","1","0","0","0","Adult","Male","D"
"469","Mr","1","39","2","0","0","0","Adult","Male","C"
"1161","Miss","1","4","3","1","2","4","Child","Female","B"
"636","Mrs","0","33","2","0","0","0","Adult","Female","C"
"847","Mr","0","27","2","0","0","0","Adult","Male","B"
"618","Nobleman","1","0.83","2","2","2","5","Child","Male","B"
"802","Mr","0","57","2","1","0","2","Adult","Male","D"
"780","Mrs","0","31","2","1","1","3","Adult","Female","D"
"887","Miss","0","33","2","0","0","0","Adult","Female","B"
"17","Mrs","1","31","1","1","0","2","Adult","Female","D"
"910","Mr","0","45","3","0","0","9","Adult","Male","D"
"682","Mr","1","27","2","0","0","0","Adult","Male","D"
"933","Nobleman","0","1","3","0","1","2","Child","Male","D"
"224","Mrs","0","59","1","1","0","2","Adult","Female","B"
"989","Mrs","1","52","3","0","0","0","Adult","Female","B"
"436","Mr","1","31","2","0","0","0","Adult","Male","D"
"945","Mr","1","31","3","0","0","0","Adult","Male","B"
"1112","Mr","0","31","3","0","0","0","Adult","Male","B"
"513","Mr","0","35","2","1","0","2","Adult","Male","B"
"737","Mr","0","21","2","0","0","0","Adult","Male","B"
"605","Mr","0","60","2","1","0","2","Adult","Male","E"
"386","Mr","0","41","2","1","0","2","Adult","Male","C"
"984","Mr","0","29","3","0","0","0","Adult","Male","A"
"853","Mr","1","28","2","1","3","5","Adult","Male","D"
"753","Miss","0","34","2","0","0","0","Adult","Female","B"
"1024","Mr","1","52","3","0","0","0","Adult","Male","D"
"1120","Mr","0","28","3","0","0","0","Adult","Male","D"
"360","Mrs","1","41","2","1","0","2","Adult","Female","D"
"1041","Mr","1","31","3","0","0","0","Adult","Male","D"
"731","Mr","0","24","2","0","0","0","Adult","Male","A"
"1086","Mr","1","32","3","0","0","0","Adult","Male","B"
"892","Mr","0","44","3","0","0","3","Adult","Male","B"
"464","Miss","1","24","2","0","0","0","Adult","Female","C"
"835","Mr","0","70","2","0","0","0","Adult","Male","D"
"552","Nobleman","1","7","2","0","1","2","Child","Male","B"
"916","Mr","0","30","3","0","0","0","Adult","Male","B"
"856","Nobleman","1","3","2","2","2","5","Child","Male","D"
"755","Mr","0","28","2","0","0","0","Adult","Male","B"
"1263","Mrs","0","27","3","2","1","3","Adult","Female","D"
"915","Miss","1","29","3","0","0","0","Adult","Female","R"
"338","Mr","1","36","2","0","0","0","Adult","Male","R"
"1020","Mr","0","23","3","0","0","0","Adult","Male","D"
"75","Mrs","0","43","1","0","0","2","Adult","Female","E"
"1169","Mrs","0","29","3","0","1","2","Adult","Female","B"
"546","Mr","0","27","2","0","0","0","Adult","Male","B"
"668","Dr","1","36","2","0","0","0","Adult","Male","B"
"337","Mr","0","21","2","0","0","0","Adult","Male","C"
"1259","Mr","0","45","3","0","0","0","Adult","Male","A"
"211","Mr","1","29","1","0","0","0","Adult","Male","B"
"1115","Mr","0","28","3","0","0","0","Adult","Male","D"
"129","Mr","1","55","1","0","0","0","Adult","Male","B"
"2","Mr","0","46","1","0","1","2","Adult","Male","D"
"392","Mr","0","22","2","1","1","3","Adult","Male","B"
"577","Miss","1","27","2","0","0","0","Adult","Female","B"
"819","Miss","0","30","2","0","0","0","Adult","Female","A"
"743","Mrs","1","39","2","0","0","0","Adult","Female","E"
"479","Mr","0","60","2","0","0","0","Adult","Male","D"
"635","Nobleman","0","7","2","0","0","0","Child","Male","E"
"410","Mr","1","32","2","1","0","2","Adult","Male","D"
"1147","Mr","0","21","3","0","0","0","Adult","Male","B"
"198","Miss","1","30","1","0","1","2","Adult","Female","B"
"975","Mr","1","23","3","0","0","0","Adult","Male","E"
"956","Mr","0","41","3","0","0","0","Adult","Male","D"
"827","Mr","0","21","2","1","1","3","Adult","Male","A"
"895","Mr","0","27","3","0","0","2","Adult","Male","B"
"1150","Mr","0","34","3","0","0","0","Adult","Male","A"
"10","Mr","1","45","1","0","0","0","Adult","Male","A"
"11","Mr","1","50","1","0","0","0","Adult","Male","B"
"904","Mrs","1","25","3","0","2","3","Adult","Female","B"
"266","Mr","1","34","1","0","0","0","Adult","Male","B"
"227","Mr","0","34","1","0","0","0","Adult","Male","A"
"435","Mr","1","26","2","0","0","2","Adult","Male","R"
"649","Mr","0","21","2","0","0","0","Adult","Male","B"
"496","Mr","0","38","2","0","0","0","Adult","Male","B"
"23","Mrs","1","50","1","1","0","2","Adult","Female","B"
"468","Mrs","1","65","2","0","0","0","Adult","Female","C"
"1034","Mrs","0","37","3","1","0","2","Adult","Female","B"
"565","Mrs","0","27","2","0","1","2","Adult","Female","R"
"857","Mrs","0","24","2","1","5","5","Adult","Female","D"
"1063","Mr","1","24","3","0","0","0","Adult","Male","B"
"733","Mrs","0","26","2","1","0","2","Adult","Female","D"
"501","Mr","0","51","2","1","0","2","Adult","Male","C"
"212","Nobleman","1","51","1","0","0","0","Adult","Male","A"
"1116","Mr","0","23","3","0","0","0","Adult","Male","D"
"412","Mrs","1","27","2","1","0","2","Adult","Female","D"
"773","Miss","1","6","2","3","2","7","Child","Female","D"
"826","Mrs","0","62","2","1","0","6","Adult","Female","B"
"1226","Miss","0","10","3","0","1","3","Child","Female","B"
"1139","Mr","0","23","3","0","0","0","Adult","Male","B"
"107","Miss","0","57","1","1","0","2","Adult","Female","B"
"123","Mr","1","29","1","0","0","0","Adult","Male","A"
"775","Mr","0","35","2","1","1","3","Adult","Male","D"
"1085","Mr","0","23","3","0","0","0","Adult","Male","B"
"41","Miss","0","20","1","0","1","3","Adult","Female","B"
"1201","Mr","0","30","3","0","0","0","Adult","Male","E"
"589","Miss","1","11","2","0","1","2","Child","Female","D"
"1071","Miss","1","33","3","0","0","0","Adult","Female","B"
"606","Mrs","0","56","2","1","0","2","Adult","Female","E"
"194","Mr","0","43","1","1","0","2","Adult","Male","B"
"102","Mrs","1","29","1","1","0","2","Adult","Female","B"
"408","Mrs","0","28","2","0","0","0","Adult","Female","B"
"671","Rev","1","32","2","0","0","0","Adult","Male","A"
"970","Mr","0","21","3","0","0","0","Adult","Male","B"
"204","Miss","0","1.5","1","3","2","8","Child","Female","E"
"345","Mr","0","38","2","1","2","4","Adult","Male","A"
"771","Mr","1","27","2","0","0","0","Adult","Male","C"
"1133","Mrs","0","54","3","0","0","0","Adult","Female","A"
"746","Mr","0","26","2","1","0","2","Adult","Male","R"
"683","Mr","0","18","2","0","2","3","Adult","Male","D"
"432","Miss","1","36","2","0","0","0","Adult","Female","B"
"16","Mr","1","42","1","1","0","2","Adult","Male","D"
"711","Miss","0","13","2","0","0","0","Child","Female","D"
"886","Miss","1","37","2","0","0","2","Adult","Female","C"
"796","Mr","1","28","2","1","0","2","Adult","Male","B"
"122","Mr","1","39","1","0","0","0","Adult","Male","B"
"404","Mr","0","47","2","1","0","2","Adult","Male","A"
"130","Dr","1","42","1","0","0","0","Adult","Male","B"
"208","Mr","0","41","1","0","0","0","Adult","Male","E"
"537","Miss","0","37","2","0","0","0","Adult","Female","E"
"230","Miss","1","23","1","0","1","2","Adult","Female","D"
"65","Nobleman","0","14","1","5","2","8","Child","Male","D"
"248","Nobleman","0","1.5","1","0","0","4","Child","Male","D"
"1248","Nobleman","0","0.3","3","5","1","7","Child","Male","D"
"1221","Mrs","0","40","3","1","1","3","Adult","Female","C"
"631","Miss","1","23","2","0","0","0","Adult","Female","D"
"987","Miss","0","24","3","0","0","0","Adult","Female","B"
"1007","Nobleman","0","4","3","2","2","5","Child","Male","D"
"890","Mr","0","36","2","1","0","2","Adult","Male","E"
"769","Rev","1","37","2","0","0","0","Adult","Male","C"
"960","Mr","1","38","3","0","0","0","Adult","Male","B"
"1081","Mr","0","32","3","0","0","0","Adult","Male","B"
"403","Mr","1","31","2","0","0","0","Adult","Male","B"
"889","Mr","0","35","2","0","0","0","Adult","Male","E"
"396","Miss","0","36","2","0","0","0","Adult","Female","E"
"924","Mr","1","36","3","0","0","0","Adult","Male","D"
"697","Mr","1","35","2","0","0","0","Adult","Male","D"
"217","Miss","1","48","1","0","0","3","Adult","Female","D"
"1083","Mrs","0","25","3","0","1","2","Adult","Female","B"
"1135","Miss","1","29","3","0","0","0","Adult","Female","D"
"59","Mrs","0","53","1","0","0","2","Adult","Female","E"
"1164","Mrs","1","29","3","1","2","4","Adult","Female","B"
"275","Miss","1","30","1","0","0","5","Adult","Female","B"
"1264","Mr","0","37","3","0","0","0","Adult","Male","B"
"1209","Mr","1","23","3","0","0","0","Adult","Male","B"
"1210","Mr","0","26","3","0","0","0","Adult","Male","E"
"166","Mrs","0","28","1","1","0","3","Adult","Female","B"
"1050","Mr","0","26","3","0","0","0","Adult","Male","B"
"576","Miss","1","51","2","0","1","2","Adult","Female","C"
"545","Mr","0","28","2","0","0","0","Adult","Male","B"
"525","Mr","0","30","2","0","0","0","Adult","Male","D"
"1132","Mrs","0","26","3","0","1","3","Adult","Female","D"
"720","Nobleman","0","4","2","1","1","3","Child","Male","E"
"1182","Mr","0","26","3","0","0","0","Adult","Male","A"
"569","Miss","0","22","2","1","0","2","Adult","Female","C"
"650","Dr","1","26","2","0","0","0","Adult","Male","A"
"164","Mr","0","44","1","0","0","0","Adult","Male","B"
"800","Mrs","1","31","2","1","1","3","Adult","Female","D"
"30","Mr","1","44","1","0","0","0","Adult","Male","B"
"371","Miss","0","9","2","1","2","5","Child","Female","B"
"1261","Mr","1","32","3","0","0","9","Adult","Male","D"
"1000","Nobleman","0","1.3","3","0","1","2","Child","Male","A"
"988","Mr","0","45","3","0","0","0","Adult","Male","B"
"450","Mr","0","33","2","1","1","3","Adult","Male","D"
"946","Miss","0","28","3","1","0","2","Adult","Female","D"
"1211","Mr","0","27","3","0","0","0","Adult","Male","B"
"152","Miss","1","18","1","0","0","8","Adult","Female","E"
"706","Mrs","0","33","2","1","3","5","Adult","Female","B"
"25","Mr","0","39","1","0","0","0","Adult","Male","D"
"1102","Mr","1","40","3","0","0","0","Adult","Male","B"
"424","Mr","0","32","2","0","0","0","Adult","Male","D"
"425","Mr","0","43","2","0","0","0","Adult","Male","B"
"673","Mr","1","62","2","0","0","0","Adult","Male","E"
"638","Miss","1","25","2","0","0","2","Adult","Female","C"
"718","Mrs","1","32","2","1","1","3","Adult","Female","B"
"210","Mr","0","26","1","0","0","0","Adult","Male","D"
"442","Mrs","1","25","2","1","0","2","Adult","Female","R"
"814","Mrs","0","41","2","0","1","2","Adult","Female","D"
"350","Miss","0","32","2","0","0","0","Adult","Female","D"
"1166","Mrs","0","26","3","2","1","4","Adult","Female","E"
"723","Miss","0","19","2","0","0","0","Adult","Female","E"
"899","Mrs","0","54","3","0","0","0","Adult","Female","B"
"1006","Mr","1","36","3","1","3","5","Adult","Male","E"
"851","Miss","0","29","2","0","1","3","Adult","Female","B"
"1107","Mr","0","29","3","1","1","6","Adult","Male","E"
"280","Mr","0","40","1","0","0","2","Adult","Male","B"
"1178","Mrs","1","32","3","0","0","0","Adult","Female","D"
"228","Mrs","0","27","1","0","0","0","Adult","Female","A"
"850","Miss","0","25","2","0","1","3","Adult","Female","D"
"630","Mrs","0","41","2","0","1","2","Adult","Female","R"
"510","Nobleman","1","10","2","0","1","2","Child","Male","D"
"978","Nobleman","0","10","3","1","2","4","Child","Male","D"
"1258","Mr","1","22","3","0","0","0","Adult","Male","B"
"1045","Miss","1","12","3","1","2","6","Child","Female","D"
"566","Miss","0","2","2","1","1","2","Child","Female","C"
"519","Miss","0","34","2","0","0","0","Adult","Female","R"
"218","Mr","1","41","1","0","0","0","Adult","Male","D"
"828","Mrs","0","21","2","1","1","3","Adult","Female","B"
"770","Mr","0","31","2","0","0","0","Adult","Male","E"
"307","Mrs","1","65","2","0","0","0","Adult","Female","R"
"294","Mr","0","21","2","0","0","0","Adult","Male","B"
"1","Mr","1","19","1","0","1","2","Adult","Male","D"
"628","Mrs","0","38","2","0","1","2","Adult","Female","C"
"937","Nobleman","0","3","3","0","2","3","Child","Male","D"
"549","Miss","0","29","2","0","0","0","Adult","Female","E"
"863","Mrs","0","50","2","0","0","0","Adult","Female","B"
"444","Mr","1","31","2","0","0","0","Adult","Male","A"
"663","Mr","0","45","2","0","0","0","Adult","Male","D"
"50","Mr","0","49","1","0","0","0","Adult","Male","B"
"265","Mr","0","38","1","0","0","0","Adult","Male","B"
"779","Nobleman","0","0.5","2","3","2","7","Child","Male","D"
"1004","Mr","0","29","3","0","0","0","Adult","Male","D"
"431","Mrs","1","29","2","0","2","3","Adult","Female","B"
"866","Mr","0","29","2","1","0","4","Adult","Male","B"
"413","Mr","1","31","2","1","1","3","Adult","Male","D"
"80","Mrs","0","39","1","1","0","2","Adult","Female","B"
"567","Miss","0","8","2","1","1","2","Child","Female","E"
"261","Mr","0","32","1","0","0","0","Adult","Male","D"
"489","Mr","1","32","2","0","0","0","Adult","Male","B"
"202","Military","1","46","1","1","3","8","Adult","Male","E"
"288","Mr","0","60","1","0","0","0","Adult","Male","B"
"871","Mr","1","32","2","0","0","7","Adult","Male","B"
"418","Mr","1","37","2","1","0","2","Adult","Male","R"
"1250","Nobleman","1","10","3","5","1","7","Child","Male","D"
"1013","Mr","0","36","3","0","0","0","Adult","Male","E"
"297","Mrs","0","33","2","0","0","0","Adult","Female","D"
"480","Mr","1","43","2","0","0","0","Adult","Male","R"
"694","Mr","0","27","2","0","0","0","Adult","Male","B"
"740","Nobleman","1","7","2","2","2","6","Child","Male","D"
"391","Mrs","0","30","2","1","0","2","Adult","Female","E"
"252","Mr","0","39","1","0","0","0","Adult","Male","E"
"646","Mrs","1","32","2","0","0","0","Adult","Female","D"
"593","Rev","0","51","2","1","0","2","Adult","Male","A"
"341","Mrs","0","36","2","0","0","0","Adult","Female","D"
"66","Mrs","0","37","1","5","2","8","Adult","Female","D"
"787","Mr","0","19","2","0","0","0","Adult","Male","A"
"229","Mr","0","27","1","0","0","0","Adult","Male","B"
"263","Mr","1","39","1","0","0","0","Adult","Male","B"
"551","Mr","1","25","2","0","0","0","Adult","Male","D"
"1069","Mr","0","28","3","0","0","0","Adult","Male","A"
"641","Mr","1","32","2","0","0","0","Adult","Male","D"
"619","Mrs","1","39","2","1","3","5","Adult","Female","D"
"1199","Mrs","1","28","3","1","0","2","Adult","Female","D"
"448","Miss","0","33","2","0","0","0","Adult","Female","B"
"980","Miss","0","2","3","1","2","4","Child","Female","D"
"891","Mrs","0","33","2","1","0","2","Adult","Female","B"
"455","Miss","1","8","2","1","1","4","Child","Female","E"
"31","Miss","0","24","1","0","0","0","Adult","Female","D"
"192","Mrs","1","23","1","0","0","0","Adult","Female","D"
"276","Mrs","0","49","1","0","0","0","Adult","Female","D"
"627","Military","0","34","2","0","1","2","Adult","Male","A"
"67","Miss","0","10","1","5","2","8","Child","Female","D"
"504","Miss","0","27","2","0","0","0","Adult","Female","D"
"456","Miss","1","10","2","1","1","4","Child","Female","A"
"719","Rev","0","44","2","0","0","0","Adult","Male","C"
"1228","Mrs","0","30","3","0","0","0","Adult","Female","D"
"232","Mr","0","43","1","0","0","2","Adult","Male","B"
"105","Mr","1","31","1","0","0","0","Adult","Male","A"
"943","Mr","1","34","3","1","0","2","Adult","Male","E"
"178","Mr","0","32","1","0","0","0","Adult","Male","E"
"1082","Nobleman","0","5","3","0","1","2","Child","Male","B"
"759","Mr","1","50","2","0","0","0","Adult","Male","E"
"536","Mr","0","58","2","0","0","0","Adult","Male","R"
"1227","Miss","1","25","3","0","0","0","Adult","Female","D"
"1249","Nobleman","0","6","3","5","1","7","Child","Male","B"
"490","Mr","0","18","2","0","0","0","Adult","Male","B"
"481","Mr","0","31 ?","2","0","0","0","Adult","Male","B"
"958","Mr","0","23","3","0","0","0","Adult","Male","B"
"846","Mr","0","39","2","0","0","0","Adult","Male","D"
"756","Miss","0","19","2","0","0","0","Adult","Female","D"
"543","Mr","0","44","2","0","0","0","Adult","Male","B"
"654","Mrs","1","32","2","0","0","0","Adult","Female","B"
"968","Mr","0","18","3","0","0","0","Adult","Male","E"
"1098","Mr","0","20","3","0","0","0","Adult","Male","B"
"507","Mr","0","48","2","0","0","0","Adult","Male","D"
"1087","Mr","0","24","3","0","0","0","Adult","Male","B"
"274","Mr","0","32","1","0","0","3","Adult","Male","D"
"594","Mrs","0","49","2","1","0","2","Adult","Female","B"
"147","Mr","1","36","1","0","0","0","Adult","Male","D"
"8","Miss","0","26","1","0","0","5","Adult","Female","D"
"696","Miss","1","25","2","0","0","0","Adult","Female","B"
"37","Mrs","0","55","1","0","2","3","Adult","Female","D"
"272","Miss","0","36","1","0","0","3","Adult","Female","B"
"186","Mr","0","29","1","0","0","0","Adult","Male","D"
"352","Mrs","1","32","2","0","1","2","Adult","Female","C"
"343","Nobleman","1","0.75","2","0","1","2","Child","Male","E"
"1125","Mr","0","30","3","0","0","0","Adult","Male","D"
"81","Mr","0","21","1","0","0","0","Adult","Male","D"
"812","Mr","1","27","2","0","0","0","Adult","Male","E"
"70","Mr","1","38","1","0","0","0","Adult","Male","E"
"878","Miss","1","31","2","0","0","0","Adult","Female","E"
"1019","Mrs","0","33","3","1","2","4","Adult","Female","D"
"1073","Mr","0","24","3","0","0","0","Adult","Male","E"
"1198","Mr","0","37","3","0","0","0","Adult","Male","B"
"106","Mr","0","33","1","0","0","0","Adult","Male","E"
"267","Mr","1","45","1","0","0","0","Adult","Male","B"
"722","Miss","0","10","2","1","1","3","Child","Female","B"
"298","Mr","1","42","2","0","0","0","Adult","Male","A"
"205","Miss","0","2.5","1","3","2","8","Child","Female","E"
"690","Miss","0","4","2","2","2","5","Child","Female","D"
"1010","Miss","0","0.83","3","2","2","5","Child","Female","B"
"656","Mr","1","36","2","0","0","0","Adult","Male","B"
"679","Mr","0","59","2","1","0","2","Adult","Male","E"
"1253","Miss","0","5","3","5","1","7","Child","Female","D"
"39","Mrs","0","45","1","0","1","2","Adult","Female","A"
"995","Mr","1","32","3","0","0","0","Adult","Male","E"
"467","Mr","0","59","2","0","0","0","Adult","Male","B"
"936","Mr","0","32","3","1","1","3","Adult","Male","B"
"953","Mr","0","38","3","0","0","0","Adult","Male","D"
"1236","Mr","1","48","3","1","0","2","Adult","Male","B"
"258","Mr","1","59","1","0","0","0","Adult","Male","B"
"145","Mrs","1","41","1","1","0","3","Adult","Female","D"
"548","Nobleman","0","1.4","2","0","1","2","Child","Male","D"
"1212","Mr","1","26","3","0","0","0","Adult","Male","D"
"1091","Mrs","0","35","3","0","3","4","Adult","Female","D"
"1061","Mr","0","72","3","0","0","0","Adult","Male","B"
"1207","Mr","1","28","3","0","0","0","Adult","Male","R"
"625","Mr","0","53","2","1","1","3","Adult","Male","D"
"94","Mr","0","47","1","0","0","0","Adult","Male","E"
"1119","Mr","1","30","3","0","0","0","Adult","Male","B"
"1197","Mr","1","29","3","0","0","0","Adult","Male","B"
"754","Mr","1","46","2","0","0","0","Adult","Male","C"
"385","Miss","0","19","2","0","0","0","Adult","Female","E"
"931","Mrs","0","49","3","1","0","2","Adult","Female","B"
"375","Miss","0","39","2","0","0","0","Adult","Female","C"
"669","Mr","0","62","2","0","0","0","Adult","Male","D"
"885","Mr","1","27","2","0","0","2","Adult","Male","B"
"1021","Miss","1","30","3","0","0","0","Adult","Female","B"
"165","Mr","0","30","1","1","0","3","Adult","Male","B"
"610","Mr","0","55","2","1","5","7","Adult","Male","D"
"527","Miss","0","33","2","0","0","2","Adult","Female","B"
"1057","Mr","0","73","3","0","0","0","Adult","Male","B"
"359","Mr","0","41","2","1","0","2","Adult","Male","B"
"365","Mr","0","35","2","0","0","0","Adult","Male","B"
"861","Miss","1","41","2","1","0","2","Adult","Female","E"
"120","Miss","0","24","1","0","0","0","Adult","Female","B"
"291","Mrs","0","26","2","0","0","0","Adult","Female","D"
"1241","Mrs","0","32","3","1","1","3","Adult","Female","B"
"688","Nobleman","0","11","2","2","2","5","Child","Male","A"
"1117","Mr","0","27","3","0","0","0","Adult","Male","E"
"1144","Mr","0","46","3","0","0","0","Adult","Male","E"
"505","Mr","0","63 (51?)","2","1","0","2","Adult","Male","B"
"367","Mrs","1","24","2","0","1","2","Adult","Female","D"
"1189","Mr","0","30","3","0","0","0","Adult","Male","B"
"699","Nobleman","0","8","2","3","1","7","Child","Male","A"
"1194","Mrs","0","28","3","0","0","0","Adult","Female","E"
"1223","Mr","1","28","3","0","0","0","Adult","Male","B"
"486","Nobleman","0","4","2","0","2","3","Child","Male","B"
"1074","Mr","0","32","3","0","0","0","Adult","Male","B"
"246","Military","0","41","1","0","0","0","Adult","Male","A"
"159","Nobleman","0","8","1","1","1","3","Child","Male","D"
"962","Mrs","0","33","3","0","1","2","Adult","Female","B"
"783","Miss","0","0.2","2","0","2","3","Child","Female","C"
"394","Miss","0","0.5","2","0","2","3","Child","Female","A"
"658","Mr","0","44","2","0","0","0","Adult","Male","E"
"1011","Mr","0","30","3","0","0","0","Adult","Male","D"
"56","Mr","1","35","1","0","0","0","Adult","Male","B"
"110","Nobleman","0","5","1","1","2","4","Child","Male","A"
"402","Mrs","0","39","2","1","0","2","Adult","Female","B"
"1035","Mr","0","41","3","0","0","0","Adult","Male","B"
"14","Mrs","0","38","1","1","0","2","Adult","Female","A"
"698","Mrs","1","33","2","1","2","7","Adult","Female","B"
"660","Mr","0","27","2","1","1","4","Adult","Male","E"
"1060","Mr","0","27","3","0","0","0","Adult","Male","D"
"200","Nobleman","1","5","1","3","2","8","Child","Male","E"
"976","Miss","1","34","3","0","0","0","Adult","Female","E"
"319","Mr","0","27","2","0","0","0","Adult","Male","D"
"226","Mr","1","46","1","0","0","0","Adult","Male","D"
"948","Mr","1","50","3","0","0","0","Adult","Male","D"
"1122","Miss","0","24","3","0","0","0","Adult","Female","B"
"378","Mr","0","31","2","1","0","2","Adult","Male","D"
"428","Nobleman","0","6","2","0","2","3","Child","Male","B"
"1012","Mr","1","27","3","0","0","0","Adult","Male","D"
"967","Miss","0","2.5","3","2","2","5","Child","Female","D"
"1246","Mr","0","38","3","0","0","0","Adult","Male","D"
"370","Mrs","0","38","2","1","2","5","Adult","Female","D"
"143","Mr","1","40","1","0","0","2","Adult","Male","B"
"461","Mrs","0","28","2","0","0","2","Adult","Female","C"
"1171","Mr","0","35","3","0","0","0","Adult","Male","B"
"69","Mr","0","39","1","0","0","0","Adult","Male","B"
"1108","Nobleman","0","0.83","3","0","2","6","Child","Male","D"
"423","Mrs","0","52","2","0","0","0","Adult","Female","D"
"1143","Mr","0","22","3","0","0","0","Adult","Male","D"
"701","Mr","1","30","2","0","0","0","Adult","Male","R"
"282","Nobleman","0","3","1","0","2","3","Child","Male","D"
"321","Miss","1","30","2","0","0","0","Adult","Female","R"
"644","Nobleman","0","0.5","2","0","0","0","Child","Male","B"
"57","Miss","1","25","1","1","0","2","Adult","Female","E"
"573","Miss","0","50","2","0","0","2","Adult","Female","B"
"662","Mrs","1","27","2","2","1","4","Adult","Female","E"
"1092","Miss","0","7","3","2","1","4","Child","Female","E"
"109","Mr","0","33","1","1","2","4","Adult","Male","A"
"825","Mr","0","28","2","0","0","0","Adult","Male","D"
"101","Mr","0","29","1","1","0","2","Adult","Male","B"
"465","Mr","0","28","2","0","0","0","Adult","Male","B"
"445","Miss","0","30","2","0","0","3","Adult","Female","B"
"869","Miss","1","21","2","1","0","2","Adult","Female","R"
"996","Mr","1","28","3","1","0","2","Adult","Male","B"
"1260","Mr","0","40","3","0","0","9","Adult","Male","B"
"947","Miss","0","38","3","1","0","2","Adult","Female","B"
"583","Mrs","1","34","2","1","0","2","Adult","Female","B"
"373","Mr","0","43","2","0","0","0","Adult","Male","B"
"139","Mr","1","57","1","0","0","3","Adult","Male","B"
"77","Miss","0","24","1","0","0","0","Adult","Female","A"
"765","Mrs","0","29","2","0","1","2","Adult","Female","E"
"732","Mr","0","26","2","1","0","2","Adult","Male","A"
"749","Miss","0","30","2","1","0","2","Adult","Female","D"
"451","Mrs","1","21","2","1","1","3","Adult","Female","R"
"342","Mr","0","35","2","0","0","0","Adult","Male","C"
"1078","Mr","0","25","3","0","0","0","Adult","Male","B"
"817","Mr","0","37","2","0","0","2","Adult","Male","B"
"149","Mr","0","45","1","0","0","0","Adult","Male","A"
"1188","Mr","1","50","3","0","0","0","Adult","Male","B"
"940","Mr","1","26","3","0","0","0","Adult","Male","D"
"349","Mrs","0","27","2","0","0","0","Adult","Female","B"
"100","Mrs","0","29","1","1","0","2","Adult","Female","D"
"969","Miss","1","24","3","0","0","3","Adult","Female","B"
"484","Mr","1","59","2","0","2","3","Adult","Male","C"
"460","Mr","0","30","2","1","0","2","Adult","Male","C"
"52","Mr","1","48","1","0","1","2","Adult","Male","B"
"91","Mr","0","58","1","0","0","6","Adult","Male","B"
"724","Mrs","0","61","2","0","0","0","Adult","Female","B"
"906","Mr","1","27","3","0","0","0","Adult","Male","B"
"372","Mr","0","34","2","0","0","0","Adult","Male","B"
"1131","Nobleman","0","4.25","3","0","1","3","Child","Male","D"
"32","Miss","1","23","1","0","0","2","Adult","Female","D"
"406","Miss","1","22","2","0","0","0","Adult","Female","C"
"347","Mrs","0","25","2","1","2","4","Adult","Female","B"
"53","Miss","1","21","1","0","1","2","Adult","Female","D"
"28","Mr","1","23","1","0","0","3","Adult","Male","A"
"49","Mrs","0","57","1","1","0","2","Adult","Female","B"
"281","Mr","0","28","1","0","0","0","Adult","Male","B"
"125","Miss","0","44","1","0","0","0","Adult","Female","D"
"1219","Mr","0","18","3","0","2","3","Adult","Male","B"
"429","Mrs","1","22","2","1","1","3","Adult","Female","B"
"1016","Mr","0","30","3","1","2","4","Adult","Male","D"
"615","Miss","1","36","2","0","0","0","Adult","Female","R"
"340","Mr","1","50","2","0","0","0","Adult","Male","E"
"972","Miss","0","30","3","1","0","2","Adult","Female","A"
"330","Mr","0","28","2","1","1","3","Adult","Male","D"
"833","Mr","0","37","2","0","0","0","Adult","Male","B"
"447","Miss","0","19","2","0","0","0","Adult","Female","D"
"9","Mr","1","50","1","0","0","0","Adult","Male","B"
"516","Miss","0","0.45","2","0","1","2","Child","Female","R"
"1055","Mrs","0","67","3","0","0","0","Adult","Female","B"
"299","Mrs","1","25","2","0","1","2","Adult","Female","B"
"85","Mr","0","39","1","0","0","4","Adult","Male","D"
"327","Miss","1","25","2","0","0","2","Adult","Female","C"
"710","Mrs","0","35","2","0","0","0","Adult","Female","E"
"1175","Mr","1","50","3","0","0","0","Adult","Male","B"
"356","Miss","0","1.4","2","1","1","3","Child","Female","C"
"750","Miss","1","34","2","1","4","6","Adult","Female","E"
"795","Mrs","0","30","2","1","1","3","Adult","Female","C"
"315","Mr","0","53","2","1","1","3","Adult","Male","D"
"797","Mrs","0","29","2","1","0","2","Adult","Female","D"
"1049","Mr","0","33","3","0","0","0","Adult","Male","E"
"305","Nobleman","0","2","2","0","1","4","Child","Male","B"
"245","Mr","0","44","1","0","0","2","Adult","Male","B"
"623","Miss","1","26","2","0","0","0","Adult","Female","D"
"273","Mrs","1","20","1","0","0","0","Adult","Female","B"
"290","Mr","1","33","1","0","0","0","Adult","Male","D"
"747","Mrs","1","30","2","1","0","2","Adult","Female","C"
"1214","Mr","0","38","3","0","0","0","Adult","Male","A"
"597","Mrs","1","29","2","1","1","3","Adult","Female","E"
"118","Mrs","0","53","1","1","0","2","Adult","Female","B"
"647","Mrs","0","27","2","0","0","0","Adult","Female","D"
"1230","Mr","0","19","3","0","0","0","Adult","Male","B"
"695","Mr","0","39","2","0","0","0","Adult","Male","D"
"1172","Mr","0","33","3","1","0","2","Adult","Male","D"
"306","Mr","1","29","2","0","0","0","Adult","Male","C"
"816","Mrs","0","29","2","1","0","2","Adult","Female","B"
"466","Mr","1","42","2","0","0","0","Adult","Male","A"
"865","Mr","1","27","2","2","1","4","Adult","Male","B"
"634","Mrs","1","38","2","0","0","0","Adult","Female","R"
"629","Nobleman","0","0.75","2","0","1","2","Child","Male","R"
"1126","Mr","0","26","3","0","0","0","Adult","Male","D"
"767","Mr","0","29","2","1","0","2","Adult","Male","B"
"268","Mr","0","49","1","0","0","0","Adult","Male","B"
"768","Mrs","0","36","2","1","0","2","Adult","Female","B"
"48","Mr","0","56","1","1","0","2","Adult","Male","B"
"1123","Mr","1","35","3","0","0","0","Adult","Male","E"
"872","Mr","1","44","2","0","0","0","Adult","Male","B"
"1088","Mr","0","26","3","0","0","0","Adult","Male","D"
"973","Miss","0","22","3","0","0","0","Adult","Female","B"
"494","Rev","1","32","2","1","0","2","Adult","Male","C"
"470","Miss","1","22","2","0","1","2","Adult","Female","C"
"22","Mr","0","54","1","1","0","2","Adult","Male","B"
"124","Miss","1","25","1","0","0","4","Adult","Female","D"
"477","Miss","1","44","2","0","0","0","Adult","Female","B"
"174","Mr","0","50","1","0","0","0","Adult","Male","B"
"821","Mrs","0","26","2","0","1","2","Adult","Female","D"
"304","Mr","0","59","2","0","2","4","Adult","Male","D"
"556","Mr","0","42?","2","0","0","0","Adult","Male","B"
"499","Miss","1","36","2","1","0","2","Adult","Female","E"
"387","Mrs","0","40","2","1","0","2","Adult","Female","C"
"1128","Mrs","1","46","3","0","0","0","Adult","Female","A"
"738","Mr","1","40","2","2","3","6","Adult","Male","D"
"687","Mr","0","40","2","1","3","5","Adult","Male","D"
"670","Mr","0","29","2","0","0","0","Adult","Male","B"
"87","Mrs","0","47","1","1","0","2","Adult","Female","B"
"692","Miss","0","22","2","0","0","0","Adult","Female","B"
"927","Mr","0","26","3","0","0","0","Adult","Male","E"
"560","Mrs","0","45","2","0","1","2","Adult","Female","D"
"703","Mr","0","59","2","1","0","2","Adult","Male","A"
"603","Mr","0","33","2","0","0","0","Adult","Male","E"
"639","Mr","0","45","2","0","0","0","Adult","Male","R"
"721","Mrs","0","35","2","0","2","3","Adult","Female","B"
"355","Mrs","1","32","2","0","2","3","Adult","Female","C"
"554","Miss","1","16","2","0","0","0","Child","Female","A"
"818","Mr","0","37","2","0","0","0","Adult","Male","D"
"1096","Mr","0","21","3","0","0","0","Adult","Male","D"
"521","Mr","1","29","2","0","0","7","Adult","Male","B"
"1191","Mrs","1","24","3","1","0","2","Adult","Female","B"
"713","Mr","1","19","2","0","0","0","Adult","Male","B"
"366","Nobleman","1","1.1","2","0","1","2","Child","Male","D"
"296","Nobleman","0","3","2","0","0","0","Child","Male","E"
"782","Miss","0","60","2","0","0","3","Adult","Female","C"
"617","Dr","1","38","2","1","3","5","Adult","Male","D"
"108","Mr","1","38","1","0","0","0","Adult","Male","B"
"1127","Mr","0","62","3","0","0","0","Adult","Male","B"
"879","Rev","0","59","2","0","0","0","Adult","Female","D"
"215","Mrs","0","58","1","1","0","2","Adult","Female","B"
"959","Mr","0","39","3","0","0","0","Adult","Male","D"
"941","Mr","1","28","3","0","0","0","Adult","Male","B"
"789","Mrs","0","45","2","0","1","2","Adult","Female","D"
"434","Miss","0","35","2","0","0","0","Adult","Female","B"
"74","Mr","0","30","1","0","0","2","Adult","Male","B"
"588","Mrs","1","38","2","0","1","2","Adult","Female","A"
"1065","Mr","0","50","3","0","0","0","Adult","Male","B"
"1256","Mrs","0","21","3","0","2","3","Adult","Female","B"
"1254","Miss","1","9","3","5","1","7","Child","Female","B"
"705","Nobleman","0","6","2","2","2","5","Child","Male","D"
"502","Mrs","0","59","2","1","0","2","Adult","Female","B"
"942","Miss","0","24","3","0","0","4","Adult","Female","D"
"579","Mrs","0","60","2","0","1","2","Adult","Female","D"
"902","Nobleman","1","3","3","1","1","3","Child","Male","A"
"1224","Miss","0","34","3","0","0","0","Adult","Female","B"
"236","Mr","0","20","1","0","0","0","Adult","Male","B"
"153","Mrs","1","31","1","0","0","0","Adult","Female","B"
"1208","Mr","0","31","3","0","0","0","Adult","Male","D"
"584","Mr","1","30","2","1","0","2","Adult","Male","C"
"730","Mr","0","29","2","0","0","0","Adult","Male","D"
"103","Mr","1","49","1","0","0","0","Adult","Male","B"
"262","Mr","1","51","1","0","0","0","Adult","Male","A"
"29","Mrs","0","47","1","0","0","3","Adult","Female","B"
"324","Miss","0","9","2","0","1","2","Child","Female","R"
"433","Miss","1","12","2","0","0","3","Child","Female","D"
"921","Nobleman","0","0.4","3","1","2","4","Child","Male","A"
"98","Mrs","0","43","1","1","0","2","Adult","Female","D"
"632","Miss","1","31","2","0","0","0","Adult","Female","R"
"741","Mrs","1","38","2","1","3","6","Adult","Female","D"
"864","Miss","1","0.2","2","0","2","4","Child","Female","E"
"187","Miss","0","20","1","0","0","4","Adult","Female","D"
"1084","Mr","0","44","3","0","0","0","Adult","Male","D"
"562","Mr","0","31","2","0","0","0","Adult","Male","E"
"393","Mrs","0","21","2","1","1","3","Adult","Female","E"
"794","Nobleman","0","2.5","2","0","2","3","Child","Male","R"
"269","Mr","0","37","1","0","0","3","Adult","Male","B"
"452","Miss","0","1.1","2","0","2","3","Child","Female","R"
"581","Mrs","1","31","2","1","1","3","Adult","Female","E"
"485","Mr","1","35","2","0","0","0","Adult","Male","C"
"45","Mr","1","47","1","0","0","0","Adult","Male","B"
"13","Mr","0","48","1","1","0","2","Adult","Male","A"
"845","Miss","0","43","2","0","0","0","Adult","Female","D"
"523","Dr","1","43","2","0","0","0","Adult","Male","C"
"42","Mrs","1","49","1","0","1","3","Adult","Female","B"
"5","Noblewoman","1","42","1","0","2","5","Adult","Female","B"
"1017","Nobleman","0","0.83","3","1","2","4","Child","Male","D"
"318","Miss","0","34","2","0","0","0","Adult","Female","A"
"974","Mr","1","48","3","0","0","0","Adult","Male","B"
"805","Mrs","1","25","2","1","0","2","Adult","Female","C"
"563","Mr","0","33","2","0","0","0","Adult","Male","R"
"788","Mr","0","57","2","0","0","0","Adult","Male","D"
"685","Mrs","0","40","2","1","1","3","Adult","Female","D"
"580","Mr","1","31","2","1","1","3","Adult","Male","B"
"1114","Mr","1","22","3","0","0","0","Adult","Male","B"
"400","Miss","0","44","2","0","0","0","Adult","Female","B"
"482","Mrs","0","26","2","0","1","2","Adult","Female","A"
"251","Mr","0","43","1","0","0","0","Adult","Male","B"
"27","Mr","1","38","1","0","0","0","Adult","Male","E"
"184","Mr","1","48","1","0","0","0","Adult","Male","B"
"1159","Mr","0","50","3","0","0","0","Adult","Male","B"
"283","Mrs","1","24","1","0","2","3","Adult","Female","D"
"908","Mr","1","33","3","0","0","9","Adult","Male","D"
"279","Mr","0","32","1","0","0","0","Adult","Male","B"
"148","Mr","0","65","1","0","0","0","Adult","Male","B"
"256","Mr","0","49","1","0","0","0","Adult","Male","D"
"437","Mrs","1","39","2","0","0","0","Adult","Female","B"
"896","Mrs","0","27","3","1","0","2","Adult","Female","B"
"1244","Miss","1","30","3","0","0","0","Adult","Female","B"
"88","Mr","0","28","1","0","0","0","Adult","Male","D"
"922","Nobleman","0","4","3","1","2","4","Child","Male","D"
"95","Mr","0","43","1","0","0","2","Adult","Male","B"
"1051","Mr","0","36","3","0","0","0","Adult","Male","B"
"665","Miss","1","38","2","0","1","2","Adult","Female","B"
"1168","Nobleman","1","8","3","0","1","2","Child","Male","B"
"844","Miss","0","60","2","0","0","0","Adult","Female","B"
"426","Mrs","0","40","2","0","0","0","Adult","Female","D"
"530","Mrs","0","51","2","0","0","0","Adult","Female","B"
"522","Mrs","1","28","2","0","0","0","Adult","Female","C"
"438","Mr","1","47","2","0","0","0","Adult","Male","B"
"1031","Mr","0","36","3","0","0","0","Adult","Male","B"
"758","Mr","0","36","2","0","0","0","Adult","Male","B"
"491","Mr","0","28","2","1","1","3","Adult","Male","A"
"912","Mr","0","39","3","0","0","0","Adult","Male","B"
"511","Mrs","1","32","2","0","1","2","Adult","Female","B"
"84","Dr","1","49","1","1","0","2","Adult","Male","E"
"309","Miss","1","2","2","0","1","2","Child","Female","D"
"384","Mrs","1","30","2","1","0","2","Adult","Female","B"
"793","Mr","0","31","2","1","1","3","Adult","Male","E"
"458","Mr","0","51","2","0","0","0","Adult","Male","D"
"676","Mr","0","19","2","0","1","2","Adult","Male","D"
"195","Mrs","1","32","1","1","0","2","Adult","Female","B"
"1146","Mr","0","29","3","0","0","0","Adult","Male","E"
"303","Mr","0","31","2","1","2","4","Adult","Male","E"
"478","Mrs","0","38","2","0","0","0","Adult","Female","C"
"601","Mrs","0","63","2","0","1","2","Adult","Female","D"
"848","Mr","0","38","2","0","0","0","Adult","Male","B"
"784","Mr","1","33","2","0","0","0","Adult","Male","B"
"680","Miss","1","29","2","0","0","0","Adult","Female","B"
"449","Mr","0","49","2","0","0","0","Adult","Male","C"
"414","Nobleman","0","1.1","2","0","2","3","Child","Male","B"
"1217","Mr","1","21","3","0","1","2","Adult","Male","D"
"950","Mr","0","38","3","0","0","0","Adult","Male","E"
"716","Mr","1","24","2","1","1","3","Adult","Male","E"
"1062","Mr","0","65","3","0","0","0","Adult","Male","B"
"60","Mrs","0","42","1","0","0","2","Adult","Female","A"
"1156","Mr","0","25","3","0","0","0","Adult","Male","D"
"46","Mr","1","49","1","0","0","0","Adult","Male","B"
"542","Mr","1","31","2","0","0","0","Adult","Male","E"
"873","Miss","1","24","2","0","0","0","Adult","Female","E"
"457","Miss","0","0.45","2","1","1","4","Child","Female","E"
"12","Miss","0","27","1","0","0","2","Adult","Female","B"
"595","Mr","1","22","2","0","0","0","Adult","Male","B"
"61","Mr","0","44","1","1","6","8","Adult","Male","D"
"154","Mr","1","49","1","0","0","0","Adult","Male","B"
"287","Mr","0","30","1","0","0","0","Adult","Male","B"
"179","Mr","0","40","1","0","0","2","Adult","Male","A"
"47","Mr","0","43","1","0","0","0","Adult","Male","D"
"176","Mr","0","33","1","0","0","0","Adult","Male","B"
"1167","Mr","0","28","3","0","0","9","Adult","Male","B"
"44","Mr","1","40","1","0","0","0","Adult","Male","B"
"881","Mr","0","51","2","1","0","2","Adult","Male","A"
"898","Mr","0","37","3","0","0","0","Adult","Male","B"
"923","Mrs","0","28","3","2","1","4","Adult","Female","B"
"1145","Mr","0","45","3","0","0","0","Adult","Male","D"
"64","Nobleman","0","9","1","5","2","8","Child","Male","D"
"1155","Mr","1","44","3","0","0","0","Adult","Male","B"
"493","Mrs","0","27","2","1","1","3","Adult","Female","D"
"664","Miss","0","24","2","0","0","0","Adult","Female","B"
"1018","Nobleman","0","7","3","1","2","4","Child","Male","D"
"1036","Mr","1","24","3","0","0","0","Adult","Male","B"
"1008","Nobleman","1","7","3","2","2","5","Child","Male","B"
"136","Mr","0","48","1","0","0","4","Adult","Male","D"
"320","Miss","0","49","2","0","0","0","Adult","Female","R"
"90","Dr","0","28","1","0","0","2","Adult","Male","E"
"882","Miss","0","25","2","0","0","0","Adult","Female","B"
"729","Mr","1","28","2","0","0","7","Adult","Male","A"
"944","Mr","1","35","3","1","0","2","Adult","Male","D"
"1090","Nobleman","0","11","3","0","3","4","Child","Male","E"
"608","Mr","0","19","2","4","2","7","Adult","Male","D"
"26","Mr","0","50","1","0","0","0","Adult","Male","D"
"1030","Mr","1","26","3","0","0","0","Adult","Male","D"
"620","Miss","1","2","2","2","2","5","Child","Female","E"
"1266","Mr","0","27","3","0","0","0","Adult","Male","B"
"575","Mrs","0","42","2","1","0","2","Adult","Female","C"
"380","Miss","1","31","2","0","0","0","Adult","Female","C"
"514","Mrs","0","27","2","1","0","2","Adult","Female","D"
"804","Mr","1","26","2","1","0","2","Adult","Male","C"
"362","Mrs","1","33","2","1","0","2","Adult","Female","D"
"643","Mr","0","27","2","0","0","0","Adult","Male","D"
"43","Mr","1","26","1","0","0","0","Adult","Male","B"
"1157","Mr","1","34","3","0","0","0","Adult","Male","B"
"568","Mr","0","50","2","0","0","0","Adult","Male","B"
"533","Mr","0","24","2","0","0","0","Adult","Male","D"
"1025","Mr","0","26","3","0","0","0","Adult","Male","B"
"216","Mr","0","30","1","0","0","0","Adult","Male","E"
"1047","Mr","0","36","3","0","0","0","Adult","Male","D"
"368","Mr","0","39","2","1","2","5","Adult","Male","C"
"798","Mr","1","29","2","0","0","0","Adult","Male","B"
"766","Miss","0","32","2","0","0","0","Adult","Female","A"
"1079","Mr","0","29","3","0","0","0","Adult","Male","D"
"1038","Mr","1","35","3","1","0","2","Adult","Male","B"
"1231","Mr","0","28","3","0","0","0","Adult","Male","A"
"420","Mr","0","31","2","0","0","2","Adult","Male","A"
"219","Mr","0","55","1","0","0","0","Adult","Male","D"
"116","Dr","1","29","1","0","0","2","Adult","Male","E"
"911","Mr","0","33","3","0","0","0","Adult","Male","D"
"399","Mrs","0","28","2","0","0","0","Adult","Female","D"
"571","Mr","1","32","2","0","0","0","Adult","Male","C"
"1106","Mrs","0","50","3","0","1","2","Adult","Female","A"
"675","Mrs","1","30","2","0","0","0","Adult","Female","A"
"203","Mrs","1","34","1","1","3","8","Adult","Female","E"
"700","Nobleman","0","10","2","3","1","7","Child","Male","B"
"250","Mr","0","52","1","0","0","0","Adult","Male","B"
"1206","Mr","1","23","3","0","0","9","Adult","Male","D"
"876","Mrs","1","46","2","0","0","0","Adult","Female","B"
"209","Mr","1","25","1","0","0","0","Adult","Male","D"
"1193","Miss","0","24","3","0","0","3","Adult","Female","C"
"183","Mr","0","44","1","0","0","0","Adult","Male","B"
"196","Mr","1","42","1","0","0","2","Adult","Male","A"
"1204","Mr","1","29","3","0","0","0","Adult","Male","B"
"836","Miss","0","50","2","0","0","0","Adult","Female","B"
"24","Mr","0","33","1","0","0","0","Adult","Male","E"
"813","Nobleman","1","14","2","0","1","2","Child","Male","D"
"317","Miss","0","15","2","0","2","3","Child","Female","B"
"430","Nobleman","1","0.6","2","0","1","2","Child","Male","D"
"849","Mr","0","21","2","0","0","0","Adult","Male","D"
"446","Mr","1","36","2","0","0","0","Adult","Male","B"
"96","Mr","1","28","1","0","0","0","Adult","Male","E"
"286","Mr","1","54","1","0","0","0","Adult","Male","C"
"427","Mr","0","29","2","1","1","3","Adult","Male","B"
"877","Miss","0","24","2","0","0","0","Adult","Female","A"
"761","Mr","1","50","2","0","0","0","Adult","Male","B"
"72","Miss","1","22","1","0","0","5","Adult","Female","B"
"998","Mr","0","29","3","1","0","2","Adult","Male","A"
"79","Mr","0","43","1","1","0","2","Adult","Male","B"
"1066","Miss","0","19","3","0","0","0","Adult","Female","B"
"462","Mrs","1","30","2","0","0","2","Adult","Female","C"
"621","Miss","1","6","2","2","2","5","Child","Female","D"
"1093","Nobleman","0","0.83","3","0","1","2","Child","Male","D"
"1240","Mr","0","40","3","1","1","3","Adult","Male","B"
"874","Mrs","0","55","2","0","0","0","Adult","Female","E"
"264","Mr","1","56","1","0","0","0","Adult","Male","D"
"270","Mr","1","44","1","0","0","0","Adult","Male","B"
"191","Mr","0","34","1","0","0","0","Adult","Male","A"
"1095","Mr","0","23","3","0","0","0","Adult","Male","B"
"1216","Mrs","1","19","3","0","1","2","Adult","Female","C"
"963","Mr","0","40","3","2","2","5","Adult","Male","D"
"388","Mr","0","45","2","0","0","0","Adult","Male","A"
"301","Mr","1","20","2","0","0","0","Adult","Male","B"
"1262","Mr","0","27","3","0","0","0","Adult","Male","D"
"704","Nobleman","0","0.5","2","2","2","5","Child","Male","B"
"1009","Mrs","0","36","3","1","3","5","Adult","Female","B"
"951","Miss","0","45","3","0","0","0","Adult","Female","D"
"1170","Mr","1","29","3","0","0","0","Adult","Male","E"
"503","Miss","1","25","2","0","0","0","Adult","Female","E"
"1229","Mr","0","25","3","0","0","0","Adult","Male","E"
"376","Mr","0","46","2","0","0","0","Adult","Male","B"
"590","Mr","0","39","2","1","0","2","Adult","Male","E"
"1043","Mr","1","47","3","3","1","6","Adult","Male","D"
"677","Nobleman","1","16","2","0","0","0","Child","Male","B"
"225","Miss","0","24","1","0","0","2","Adult","Female","D"
"1141","Mr","0","35","3","0","0","9","Adult","Male","B"
"667","Mr","1","24","2","2","3","4","Adult","Male","B"
"884","Mrs","0","56","2","0","0","0","Adult","Female","D"
"1152","Mr","0","40","3","0","0","0","Adult","Male","B"
"1151","Mr","1","16","3","0","0","0","Child","Male","D"
"1103","Mr","1","34","3","0","0","0","Adult","Male","B"
"772","Mr","0","34","2","0","0","0","Adult","Male","B"
"323","Mrs","1","39","2","0","1","2","Adult","Female","C"
"182","Mr","1","29","1","0","0","0","Adult","Male","E"
"369","Nobleman","0","0.5","2","1","2","5","Child","Male","R"
"684","Mr","0","41","2","1","1","3","Adult","Male","B"
"36","Mr","0","34","1","0","0","0","Adult","Male","D"
"751","Mr","0","41","2","0","0","2","Adult","Male","B"
"483","Miss","0","3","2","0","1","2","Child","Female","B"
"712","Miss","1","28","2","0","0","0","Adult","Female","B"
"348","Miss","0","8","2","1","2","4","Child","Female","D"
"642","Miss","0","21","2","0","0","0","Adult","Female","B"
"860","Mr","1","25","2","0","0","0","Adult","Male","C"
"364","Mrs","0","62","2","0","1","2","Adult","Female","E"
"119","Miss","1","25","1","0","0","3","Adult","Female","B"
"284","Mr","0","56","1","0","0","2","Adult","Male","A"
"815","Mr","0","33","2","1","0","2","Adult","Male","C"
"1089","Mr","0","30","3","0","0","0","Adult","Male","B"
"702","Mr","0","25","2","1","3","5","Adult","Male","E"
"1046","Mr","0","27","3","0","0","0","Adult","Male","B"
"1218","Mr","0","32","3","0","0","0","Adult","Male","E"
"1028","Mr","0","28","3","0","0","0","Adult","Male","B"
"83","Mr","0","44","1","0","0","0","Adult","Male","D"
"1129","Mr","1","31","3","0","0","0","Adult","Male","B"
"917","Mr","1","30","3","0","0","0","Adult","Male","A"
"838","Dr","1","28","2","0","0","0","Adult","Male","B"
"777","Mr","0","31","2","0","0","0","Adult","Male","D"
"1138","Mr","0","27","3","0","0","0","Adult","Male","B"
"961","Nobleman","0","0.4","3","0","1","2","Child","Male","D"
"180","Mrs","1","76","1","0","0","2","Adult","Female","B"
"925","Miss","1","30","3","0","0","0","Adult","Female","D"
"1234","Miss","0","22","3","0","0","0","Adult","Female","D"
"582","Miss","1","5","2","0","2","3","Child","Female","B"
"558","Mrs","0","32","2","0","1","2","Adult","Female","R"
"547","Mr","0","49","2","0","0","0","Adult","Male","D"
"609","Mr","0","21","2","4","2","7","Adult","Male","D"
"614","Miss","1","16","2","4","2","7","Child","Female","D"
"991","Mr","0","34","3","0","0","0","Adult","Male","R"
"640","Mr","1","24","2","0","0","0","Adult","Male","B"
"127","Mrs","1","32","1","1","0","2","Adult","Female","A"
"561","Mrs","0","59","2","0","0","0","Adult","Female","E"
"140","Nobleman","0","39","1","0","0","3","Adult","Male","D"
"310","Mrs","0","30","2","0","0","0","Adult","Female","B"
"1054","Mr","1","27","3","0","0","0","Adult","Male","B"
"535","Mrs","0","27","2","0","0","0","Adult","Female","D"
"1023","Mr","0","26","3","0","0","0","Adult","Male","B"
"602","Mrs","0","38","2","0","0","0","Adult","Female","E"
"717","Nobleman","0","0.2","2","0","2","3","Child","Male","D"
"322","Mr","0","39","2","0","0","0","Adult","Male","B"
"247","Mr","0","36","1","0","0","2","Adult","Male","B"
"823","Mr","1","44","2","0","1","2","Adult","Male","A"
"474","Mrs","0","29","2","1","2","4","Adult","Female","B"
"173","Mr","0","45","1","0","0","0","Adult","Male","D"
"880","Mrs","1","49","2","1","0","2","Adult","Female","D"
"416","Miss","0","36","2","0","0","2","Adult","Female","B"
"955","Miss","0","37","3","0","0","0","Adult","Female","E"
"492","Nobleman","0","1.5","2","0","2","3","Child","Male","C"
"652","Mr","1","26","2","0","0","0","Adult","Male","D"
"1029","Mr","0","70","3","0","0","0","Adult","Male","B"
"509","Mrs","0","40","2","0","0","0","Adult","Female","B"
"763","Mr","0","39","2","0","0","0","Adult","Male","B"
"1026","Mr","1","37","3","0","0","0","Adult","Male","B"
"1184","Mr","0","21","3","1","0","2","Adult","Male","D"
"141","Military","1","22","1","0","1","3","Adult","Male","A"
"500","Mr","1","32","2","0","0","0","Adult","Male","C"
"517","Mrs","0","26","2","0","0","0","Adult","Female","E"
"243","Mr","1","26","1","0","0","2","Adult","Male","B"
"381","Mrs","1","33","2","1","0","2","Adult","Female","E"
"918","Mr","1","25","3","1","0","2","Adult","Male","B"
"4","Mrs","1","46","1","1","0","2","Adult","Female","B"
"672","Mr","0","58","2","0","2","3","Adult","Male","B"
"986","Mr","1","31","3","0","0","0","Adult","Male","B"
"952","Miss","0","28","3","0","0","0","Adult","Female","B"
"977","Mr","1","31","3","1","2","4","Adult","Male","D"
"811","Mr","1","31","2","0","0","0","Adult","Male","B"
"858","Mr","0","31","2","0","0","0","Adult","Male","D"
"1148","Mr","1","23","3","0","0","0","Adult","Male","A"
"508","Mr","0","37","2","0","0","0","Adult","Male","D"
"919","Mrs","0","20","3","1","0","2","Adult","Female","D"
"1176","Mr","1","53","3","1","1","3","Adult","Male","E"
"586","Mrs","0","24","2","0","1","2","Adult","Female","B"
"1027","Mr","1","27","3","0","0","0","Adult","Male","C"
"928","Mr","1","30","3","0","0","0","Adult","Male","B"
"82","Mr","0","46","1","0","0","0","Adult","Male","B"
"801","Miss","0","3","2","0","2","3","Child","Female","B"
