,survived,pclass,sex,age,sibsp,parch,title,deck,family_size,child
200,1,1,1,24,0,0,Miss,C,0,adult
634,0,3,0,20,0,0,Mr,D,0,adult
728,0,3,0,70.5,0,0,Mr,D,0,adult
1028,0,3,0,50,0,0,Mr,C,0,adult
549,1,2,0,0.8333,1,1,Nobleman,F,2,child
1043,1,3,1,14.5,1,0,Miss,D,1,child
1011,0,3,0,24,1,0,Mr,A,1,adult
1228,0,3,1,22,0,0,Miss,F,0,adult
570,0,2,0,14,0,0,Mr,F,0,child
948,1,3,1,22,0,0,Miss,C,0,adult
219,1,1,1,39,0,0,Noblewoman,C,0,adult
52,0,1,0,33,0,0,Mr,B,0,adult
675,1,3,0,32,0,0,Mr,E,0,adult
448,0,2,0,23,2,1,Mr,F,3,adult
598,1,2,0,54,0,0,Mr,C,0,adult
1017,0,3,0,18,0,0,Mr,C,0,adult
823,0,3,0,41,0,0,Mr,D,0,adult
1167,0,3,0,19,0,0,Mr,C,0,adult
121,1,1,0,43,1,0,Mr,D,1,adult
943,0,3,0,23.5,0,0,Mr,B,0,adult
737,0,3,0,59,0,0,Mr,D,0,adult
68,1,1,1,30,0,0,Miss,B,0,adult
341,1,2,1,4,2,1,Miss,F,3,child
697,0,3,1,21,0,0,Miss,E,0,adult
543,1,2,1,33,0,2,Mrs,D,2,adult
565,1,2,1,40,0,0,Miss,F,0,adult
380,1,2,1,31,1,1,Mrs,C,2,adult
963,0,3,0,40.5,1,0,Mr,F,1,adult
333,0,2,0,23,0,0,Mr,E,0,adult
588,1,2,0,2,1,1,Nobleman,F,2,child
239,1,1,1,43,0,1,Mrs,B,1,adult
34,1,1,1,58,0,0,Miss,C,0,adult
1078,1,3,1,36,0,0,Miss,F,0,adult
55,1,1,0,11,1,2,Nobleman,B,3,child
319,0,1,0,55,0,0,Mr,C,0,adult
1083,1,3,0,9,0,1,Nobleman,E,1,child
494,0,2,0,31,1,1,Mr,C,2,adult
688,0,3,1,20,0,0,Miss,F,0,adult
792,0,3,0,17,1,1,Mr,D,2,child
854,0,3,0,25,0,0,Mr,F,0,adult
785,0,3,0,23,1,0,Mr,F,1,adult
1109,0,3,0,19,0,0,Mr,F,0,adult
1146,0,3,0,8,4,1,Nobleman,C,5,child
550,1,2,0,3,1,1,Nobleman,F,2,child
269,0,1,0,24,1,0,Mr,C,1,adult
233,0,1,0,47,0,0,Mr,C,0,adult
87,1,1,0,51,0,0,Mr,E,0,adult
1048,1,3,1,15,0,0,Miss,C,0,child
1139,0,3,0,45,0,0,Mr,F,0,adult
556,0,2,0,25,0,0,Mr,F,0,adult
426,0,2,0,52,0,0,Mr,C,0,adult
1075,0,3,0,36,0,0,Mr,D,0,adult
164,1,1,1,35,1,0,Mrs,E,1,adult
740,0,3,0,44,0,1,Mr,D,1,adult
393,1,2,1,24,1,0,Mrs,C,1,adult
44,1,1,1,60,0,0,Mrs,D,0,adult
1113,0,3,1,3,1,1,Miss,D,2,child
1180,0,3,0,32,1,9,Mr,E,10,adult
8,0,1,0,39,0,0,Mr,A,0,adult
1069,0,3,0,61,0,0,Mr,A,0,adult
1020,0,3,0,24,0,0,Mr,F,0,adult
304,0,1,0,64,1,0,Mr,D,1,adult
422,0,2,0,24,0,0,Mr,F,0,adult
660,1,3,1,5,2,1,Miss,D,3,child
782,0,3,0,33,0,0,Mr,E,0,adult
611,0,3,1,40,1,0,Mrs,C,1,adult
1104,0,3,0,2,4,1,Nobleman,C,5,child
1229,1,3,0,31,0,0,Mr,B,0,adult
381,1,2,1,22,0,0,Mrs,F,0,adult
1286,0,3,0,32.5,0,0,Mr,D,0,adult
1103,0,3,0,7,4,1,Nobleman,C,5,child
110,1,1,0,36,0,0,Mr,E,0,adult
1221,0,3,0,32,0,0,Mr,F,0,adult
1102,0,3,0,1,4,1,Nobleman,E,5,child
187,1,1,1,55,0,0,Mrs,C,0,adult
825,0,3,0,38,0,0,Mr,F,0,adult
928,0,3,0,20,1,0,Mr,A,1,adult
202,0,1,0,54,0,0,Mr,E,0,adult
1236,0,3,0,74,0,0,Mr,F,0,adult
882,1,3,0,21,0,0,Mr,D,0,adult
1022,0,3,0,28,0,0,Mr,F,0,adult
198,0,1,0,19,1,0,Mr,D,1,adult
794,0,3,0,47,0,0,Mr,C,0,adult
812,0,3,1,48,1,3,Mrs,D,4,adult
356,1,2,1,36,0,0,Miss,C,0,adult
86,1,1,1,38,1,0,Mrs,C,1,adult
640,0,3,0,5,4,2,Nobleman,C,6,child
128,1,1,1,35,1,0,Mrs,C,1,adult
1193,0,3,0,24.5,0,0,Mr,F,0,adult
262,1,1,0,35,0,0,Mr,E,0,adult
1085,0,3,0,42,0,1,Mr,A,1,adult
727,0,3,1,30,0,0,Miss,C,0,adult
772,1,3,1,19,0,0,Miss,D,0,adult
890,1,3,0,26,0,0,Mr,B,0,adult
559,1,2,1,18,0,2,Miss,F,2,adult
839,0,3,0,28,2,0,Mr,B,2,adult
924,1,3,1,18,0,0,Miss,B,0,adult
510,0,2,0,39,0,0,Mr,C,0,adult
244,0,1,0,46,0,0,Mr,B,0,adult
1153,0,3,0,50,1,0,Mr,C,1,adult
1152,0,3,1,50,0,0,Mrs,E,0,adult
554,1,2,1,21,0,0,Miss,E,0,adult
1173,0,3,1,10,8,2,Miss,E,10,child
826,0,3,0,9,5,2,Nobleman,G,7,child
757,0,3,0,36.5,1,0,Mr,D,1,adult
178,1,1,0,42,1,0,Mr,D,1,adult
1160,1,3,1,25,0,0,Miss,E,0,adult
518,0,2,0,26,0,0,Mr,F,0,adult
1070,0,3,0,20,1,0,Mr,C,1,adult
142,1,1,1,45,0,1,Mrs,D,1,adult
261,1,1,1,40,0,0,Miss,C,0,adult
521,1,2,0,20,0,0,Mr,D,0,adult
537,1,2,1,32,0,0,Mrs,E,0,adult
710,1,3,1,16,0,0,Miss,E,0,child
1207,0,3,0,4,3,2,Nobleman,F,5,child
421,0,2,0,21,1,0,Mr,C,1,adult
680,0,3,1,9,1,1,Miss,G,2,child
795,1,3,1,5,0,0,Miss,F,0,child
1035,1,3,0,6,1,1,Nobleman,E,2,child
682,0,3,1,45,0,2,Mrs,G,2,adult
636,0,3,0,25,1,0,Mr,F,1,adult
874,0,3,0,42,0,0,Mr,F,0,adult
1012,0,3,1,19,1,0,Mrs,G,1,adult
932,0,3,0,19,0,0,Mr,D,0,adult
828,0,3,0,11,5,2,Nobleman,C,7,child
1223,0,3,0,33,0,0,Mr,C,0,adult
746,1,3,1,30,0,0,Miss,C,0,adult
69,1,1,0,45,0,0,Mr,A,0,adult
838,0,3,0,37,2,0,Mr,F,2,adult
309,1,1,1,55,0,0,Mrs,C,0,adult
553,0,2,0,19,0,0,Mr,F,0,adult
496,0,2,0,22,0,0,Mr,F,0,adult
1060,0,3,0,28,0,0,Mr,B,0,adult
750,0,3,1,28,1,1,Mrs,E,2,adult
903,0,3,0,25,1,2,Mr,F,3,adult
300,0,1,0,40,0,0,Nobleman,B,0,adult
54,0,1,0,17,0,0,Mr,C,0,child
733,0,3,0,30,0,0,Mr,C,0,adult
999,0,3,0,27,0,0,Mr,C,0,adult
446,0,2,1,18,1,1,Miss,F,2,adult
1127,0,3,1,28,0,0,Miss,C,0,adult
546,1,2,1,30,3,0,Mrs,F,3,adult
808,0,3,1,9,2,2,Miss,D,4,child
777,0,3,0,32,0,0,Mr,F,0,adult
312,1,1,1,45,1,1,Mrs,B,2,adult
419,0,2,0,47,0,0,Mr,F,0,adult
1196,0,3,0,61,0,0,Mr,C,0,adult
328,0,2,0,25,0,0,Mr,F,0,adult
809,0,3,0,19,0,0,Mr,A,0,adult
787,0,3,0,18,0,0,Mr,D,0,adult
473,0,2,0,57,0,0,Rev,B,0,adult
885,0,3,0,48,0,0,Mr,F,0,adult
283,1,1,1,52,1,0,Mrs,D,1,adult
154,1,1,1,24,0,0,Miss,C,0,adult
913,0,3,0,30,0,0,Mr,F,0,adult
372,1,2,1,45,0,2,Mrs,F,2,adult
934,0,3,0,26,2,0,Mr,C,2,adult
18,1,1,1,50,0,1,Mrs,B,1,adult
1295,0,3,0,28.5,0,0,Mr,C,0,adult
123,1,1,1,22,0,2,Miss,B,2,adult
430,0,2,0,44,0,0,Mr,D,0,adult
645,0,3,0,40,1,5,Mr,G,6,adult
561,1,2,1,30,0,0,Miss,C,0,adult
1092,0,3,1,20,0,0,Miss,E,0,adult
594,1,2,1,33,1,2,Mrs,C,3,adult
830,0,3,1,16,5,2,Miss,C,7,child
592,1,2,1,5,1,2,Miss,F,3,child
834,0,3,0,51,0,0,Mr,F,0,adult
265,1,1,0,56,0,0,Military,A,0,adult
1278,1,3,0,22,0,0,Mr,B,0,adult
1205,0,3,0,21,0,0,Mr,D,0,adult
63,0,1,0,46,1,0,Mr,E,1,adult
177,1,1,1,54,1,0,Mrs,D,1,adult
1178,0,3,0,19,8,2,Mr,C,10,adult
287,0,1,1,63,1,0,Mrs,C,1,adult
981,1,3,1,23,0,0,Miss,D,0,adult
945,0,3,0,22,0,0,Mr,B,0,adult
326,0,2,0,30,0,0,Mr,F,0,adult
1138,0,3,0,26.5,0,0,Mr,C,0,adult
989,0,3,0,32,0,0,Mr,E,0,adult
294,1,1,1,59,1,0,Mrs,C,1,adult
752,0,3,0,25,0,0,Mr,F,0,adult
96,1,1,1,54,1,1,Mrs,A,2,adult
1269,0,3,0,34,0,0,Mr,E,0,adult
844,0,3,0,30,1,0,Mr,C,1,adult
1238,0,3,0,24,0,0,Mr,B,0,adult
759,1,3,0,36.5,1,0,Mr,G,1,adult
1212,0,3,1,45,1,4,Mrs,B,5,adult
540,0,2,0,27,0,0,Mr,G,0,adult
797,0,3,0,40.5,0,0,Mr,F,0,adult
358,0,2,0,42,0,0,Rev,F,0,adult
353,1,2,1,40,1,1,Mrs,B,2,adult
841,0,3,1,24,0,0,Miss,C,0,adult
467,0,2,0,34,1,0,Mr,B,1,adult
915,0,3,0,33,0,0,Mr,F,0,adult
101,1,1,0,49,1,0,Nobleman,A,1,adult
979,1,3,0,27,0,0,Mr,C,0,adult
180,0,1,0,45.5,0,0,Mr,C,0,adult
784,1,3,0,24,0,0,Mr,D,0,adult
870,0,3,0,28,0,0,Mr,A,0,adult
220,1,1,0,46,0,0,Mr,B,0,adult
290,1,1,1,18,0,2,Miss,E,2,adult
747,1,3,0,29,0,0,Mr,E,0,adult
595,0,2,0,66,0,0,Mr,C,0,adult
250,1,1,0,13,2,2,Nobleman,B,4,child
1281,0,3,0,22,0,0,Mr,F,0,adult
1181,0,3,1,39,1,9,Mrs,E,10,adult
912,0,3,0,21,0,0,Mr,F,0,adult
302,0,1,0,47,0,0,Mr,D,0,adult
1123,1,3,1,4,1,1,Miss,F,2,child
584,1,2,1,40,0,0,Mrs,F,0,adult
1258,1,3,1,9,1,1,Miss,E,2,child
1023,0,3,0,29,0,0,Mr,D,0,adult
1298,0,3,0,25,0,0,Mr,F,0,adult
258,1,1,1,35,1,0,Mrs,C,1,adult
538,0,2,0,34,0,0,Mr,C,0,adult
137,1,1,0,53,0,0,Military,C,0,adult
193,1,1,1,58,0,0,Miss,B,0,adult
45,1,1,1,41,0,0,Miss,E,0,adult
89,1,1,1,33,0,0,Miss,B,0,adult
79,1,1,1,64,0,2,Mrs,E,2,adult
816,0,3,0,14,0,0,Mr,F,0,child
664,0,3,0,26,0,0,Mr,F,0,adult
583,1,2,1,12,0,0,Miss,B,0,child
329,0,2,0,34,1,0,Mr,C,1,adult
1141,0,3,0,21,0,0,Mr,D,0,adult
798,0,3,0,40.5,0,0,Mr,F,0,adult
500,0,2,0,30,0,0,Mr,F,0,adult
16,0,1,0,42,0,0,Mr,C,0,adult
506,0,2,0,48,0,0,Mr,C,0,adult
151,0,1,0,40,0,0,Mr,B,0,adult
548,0,2,0,23,0,0,Mr,D,0,adult
49,1,1,1,53,0,0,Mrs,B,0,adult
1055,0,3,1,61,0,0,Miss,F,0,adult
513,0,2,0,32.5,1,0,Mr,B,1,adult
1045,1,3,1,17,0,0,Miss,E,0,child
956,0,3,1,2,3,1,Miss,E,4,child
1063,0,3,0,21,0,0,Mr,F,0,adult
1217,1,3,1,20,0,0,Miss,C,0,adult
1084,0,3,0,28,0,0,Mr,C,0,adult
310,1,1,1,31,0,2,Miss,C,2,adult
623,0,3,0,4,4,2,Nobleman,C,6,child
1097,0,3,0,2,3,1,Nobleman,A,4,child
667,0,3,1,45,0,1,Mrs,F,1,adult
1169,0,3,0,20,0,0,Mr,F,0,adult
221,1,1,1,22,0,1,Miss,B,1,adult
362,1,2,1,22,1,1,Mrs,C,2,adult
343,1,2,1,36,0,3,Mrs,F,3,adult
974,0,3,0,45,0,0,Mr,F,0,adult
1174,0,3,1,14,8,2,Miss,D,10,child
367,0,2,0,54,1,0,Rev,D,1,adult
361,1,2,0,26,1,1,Mr,E,2,adult
484,1,2,1,30,0,0,Miss,E,0,adult
1116,0,3,0,32,0,0,Mr,F,0,adult
1054,0,3,0,30,0,0,Mr,A,0,adult
1211,0,3,0,40,1,4,Mr,D,5,adult
99,1,1,1,48,1,0,Mrs,C,1,adult
3,0,1,1,2,1,2,Miss,C,3,child
1241,1,3,0,0.4167,0,1,Nobleman,E,1,child
1283,0,3,0,26,0,0,Mr,A,0,adult
985,1,3,1,19,0,0,Miss,C,0,adult
387,0,2,0,18,0,0,Mr,F,0,adult
489,0,2,0,50,1,0,Mr,E,1,adult
685,0,3,1,32,1,1,Mrs,D,2,adult
4,0,1,0,30,1,2,Mr,C,3,adult
1010,0,3,0,20,0,0,Mr,F,0,adult
646,1,3,0,23,0,0,Mr,F,0,adult
713,0,3,0,24,0,0,Mr,C,0,adult
1073,0,3,0,21,0,0,Mr,F,0,adult
234,1,1,1,56,0,1,Mrs,C,1,adult
332,0,2,0,18,0,0,Mr,F,0,adult
1166,0,3,0,25,0,0,Mr,C,0,adult
573,1,2,1,28,0,0,Mrs,D,0,adult
479,1,2,1,1,1,2,Miss,C,3,child
1094,0,3,0,16,0,0,Mr,F,0,child
1013,0,3,1,22.5,0,0,Miss,E,0,adult
765,0,3,0,26,1,2,Mr,G,3,adult
226,0,1,0,23,0,0,Mr,B,0,adult
195,0,1,0,30,0,0,Mr,C,0,adult
835,0,3,0,32,0,0,Mr,A,0,adult
1297,0,3,0,27,0,0,Mr,E,0,adult
229,0,1,0,18,1,0,Mr,C,1,adult
920,0,3,0,18.5,0,0,Mr,F,0,adult
869,0,3,0,43,0,0,Mr,F,0,adult
534,1,2,1,21,0,1,Miss,F,1,adult
126,0,1,0,40,0,0,Mr,B,0,adult
1026,1,3,0,6,0,1,Nobleman,E,1,child
958,0,3,1,8,3,1,Miss,C,4,child
106,0,1,1,36,0,0,Miss,A,0,adult
853,0,3,1,45,0,0,Miss,F,0,adult
499,0,2,0,32,0,0,Mr,A,0,adult
1256,0,3,0,18.5,0,0,Mr,C,0,adult
1108,0,3,0,21,0,0,Mr,C,0,adult
31,0,1,0,45,0,0,Mr,T,0,adult
1029,1,3,1,9,1,0,Miss,E,1,child
1091,0,3,1,23,0,0,Miss,D,0,adult
116,0,1,0,64,1,4,Mr,C,5,adult
359,1,2,1,42,0,0,Mrs,D,0,adult
386,1,2,0,8,1,1,Nobleman,F,2,child
617,0,3,0,24,0,0,Mr,F,0,adult
1031,0,3,0,20,0,0,Mr,C,0,adult
848,0,3,0,23.5,0,0,Mr,E,0,adult
423,0,2,0,24,0,0,Mr,C,0,adult
776,0,3,0,22,0,0,Mr,E,0,adult
547,1,2,1,28,0,0,Miss,B,0,adult
1270,0,3,0,33,0,0,Mr,F,0,adult
531,0,2,0,19,0,0,Mr,C,0,adult
1067,0,3,0,28.5,0,0,Mr,F,0,adult
761,1,3,0,30,0,0,Mr,C,0,adult
801,0,3,1,30,0,0,Miss,C,0,adult
379,0,2,0,31,1,1,Mr,F,2,adult
988,0,3,1,21,0,0,Miss,F,0,adult
253,0,1,0,61,1,3,Mr,B,4,adult
1144,0,3,0,7,4,1,Nobleman,F,5,child
615,0,3,0,26,0,0,Mr,C,0,adult
687,1,3,1,22,0,0,Miss,D,0,adult
385,0,2,0,51,0,0,Mr,C,0,adult
1072,1,3,1,30,1,0,Mrs,D,1,adult
1150,1,3,1,23,0,0,Miss,D,0,adult
50,1,1,0,36,0,1,Mr,B,1,adult
676,0,3,0,21,0,0,Mr,F,0,adult
858,1,3,0,27,0,0,Mr,C,0,adult
481,0,2,0,25,1,2,Mr,E,3,adult
43,1,1,1,59,2,0,Mrs,C,2,adult
1218,0,3,0,19,0,0,Mr,F,0,adult
577,0,2,0,40,0,0,Mr,C,0,adult
551,1,2,1,24,2,3,Mrs,F,5,adult
1290,0,3,0,21,1,0,Mr,D,1,adult
555,0,2,0,26,0,0,Mr,D,0,adult
252,1,1,1,21,2,2,Miss,B,4,adult
371,1,2,1,25,1,1,Miss,D,2,adult
364,0,2,0,36,0,0,Mr,C,0,adult
1303,0,3,0,37,0,0,Mr,F,0,adult
1136,0,3,0,30,0,0,Mr,B,0,adult
866,0,3,1,22,0,0,Miss,A,0,adult
1245,1,3,1,16,1,1,Mrs,F,2,child
425,0,2,0,30,0,0,Mr,C,0,adult
1061,1,3,1,18,0,0,Miss,D,0,adult
1268,0,3,1,30,1,1,Mrs,B,2,adult
886,0,3,0,17,1,0,Mr,C,1,child
1117,0,3,0,24,0,0,Mr,E,0,adult
998,1,3,1,18,0,0,Mrs,C,0,adult
545,0,2,0,34,1,0,Mr,C,1,adult
1275,0,3,0,31,3,0,Mr,C,3,adult
33,1,1,1,30,0,0,Miss,C,0,adult
1004,1,3,0,32,2,0,Mr,D,2,adult
439,1,2,1,24,1,2,Miss,D,3,adult
579,0,2,0,30,1,0,Mr,D,1,adult
134,1,1,0,49,1,0,Mr,C,1,adult
383,0,2,1,31,0,0,Mrs,C,0,adult
105,1,1,1,54,1,0,Miss,D,1,adult
1250,0,3,0,19,0,0,Mr,F,0,adult
604,1,3,1,35,1,1,Mrs,C,2,adult
940,0,3,1,36,0,2,Mrs,E,2,adult
1090,0,3,0,20,0,0,Mr,A,0,adult
231,1,1,1,30,0,0,Miss,B,0,adult
1209,0,3,1,9,3,2,Miss,C,5,child
434,0,2,0,30,0,0,Mr,B,0,adult
414,0,2,0,38,1,0,Mr,C,1,adult
1128,0,3,0,19,0,0,Mr,F,0,adult
129,0,1,0,47,0,0,Mr,E,0,adult
783,0,3,0,65,0,0,Mr,D,0,adult
610,0,3,0,26,0,0,Mr,F,0,adult
527,1,2,0,29,0,0,Mr,D,0,adult
39,0,1,0,41,0,0,Mr,A,0,adult
207,0,1,0,44,2,0,Dr,C,2,adult
929,0,3,1,24,1,0,Mrs,B,1,adult
970,0,3,1,30,1,0,Mrs,C,1,adult
396,1,2,1,18,0,1,Miss,B,1,adult
524,1,2,0,22,0,0,Mr,F,0,adult
291,0,1,0,52,1,1,Mr,E,2,adult
762,0,3,0,16,0,0,Mr,F,0,child
194,1,1,1,15,0,1,Miss,B,1,child
936,1,3,0,29,3,1,Mr,C,4,adult
1235,0,3,0,25,0,0,Mr,F,0,adult
662,1,3,1,18,0,0,Miss,D,0,adult
482,1,2,1,22,1,2,Mrs,D,3,adult
308,0,1,0,21,0,1,Mr,D,1,adult
821,1,3,0,9,0,2,Nobleman,E,2,child
980,0,3,0,51,0,0,Mr,C,0,adult
478,0,2,0,20,0,0,Mr,C,0,adult
627,0,3,1,38,4,2,Miss,C,6,adult
568,0,2,0,25,0,0,Mr,A,0,adult
82,0,1,0,70,1,1,Military,B,2,adult
1291,1,3,1,47,1,0,Mrs,C,1,adult
1124,1,3,1,26,0,2,Mrs,G,2,adult
512,0,2,0,62,0,0,Mr,D,0,adult
708,0,3,0,28,0,0,Mr,C,0,adult
268,0,1,0,56,0,0,Mr,A,0,adult
742,0,3,0,22.5,0,0,Mr,A,0,adult
1154,0,3,1,47,1,0,Mrs,C,1,adult
447,1,2,1,20,2,1,Miss,F,3,adult
983,0,3,0,19,0,0,Mr,F,0,adult
1231,0,3,1,2,0,1,Miss,G,1,child
284,0,1,0,39,0,0,Mr,B,0,adult
399,1,2,0,8,0,2,Nobleman,E,2,child
1021,0,3,0,21,0,0,Mr,E,0,adult
1253,0,3,0,44,0,0,Mr,E,0,adult
796,0,3,0,21,0,0,Mr,D,0,adult
1003,1,3,1,22,2,0,Miss,D,2,adult
175,0,1,0,58,0,0,Mr,B,0,adult
990,0,3,0,24,0,0,Mr,D,0,adult
501,0,2,0,46,0,0,Mr,C,0,adult
1240,0,3,0,34,0,0,Mr,D,0,adult
626,1,3,1,17,4,2,Miss,A,6,child
1015,0,3,1,27,0,0,Mrs,G,0,adult
769,0,3,0,28,0,0,Mr,C,0,adult
1161,0,3,0,50,0,0,Mr,F,0,adult
959,0,3,1,38,0,4,Mrs,E,4,adult
201,0,1,0,46,0,0,Mr,C,0,adult
799,1,3,0,17,0,0,Mr,F,0,child
1111,0,3,0,32,0,0,Mr,E,0,adult
863,1,3,1,22,0,0,Miss,F,0,adult
1234,1,3,0,44,0,0,Mr,B,0,adult
428,1,2,0,0.6667,1,1,Nobleman,F,2,child
800,0,3,0,18,0,0,Mr,F,0,adult
267,0,1,0,56,0,0,Mr,C,0,adult
745,0,3,0,19,0,0,Mr,E,0,adult
896,1,3,1,1,1,1,Miss,G,2,child
103,1,1,1,23,0,1,Mrs,C,1,adult
146,1,1,0,48,1,0,Mr,D,1,adult
67,1,1,1,36,0,0,Miss,B,0,adult
888,1,3,0,30,0,0,Mr,E,0,adult
872,0,3,0,29,0,0,Mr,F,0,adult
807,0,3,1,21,2,2,Miss,E,4,adult
1076,0,3,0,23,0,0,Mr,C,0,adult
93,1,1,1,17,1,0,Mrs,B,1,child
986,1,3,0,24,0,0,Mr,B,0,adult
1110,0,3,0,21,0,0,Mr,A,0,adult
964,0,3,0,36,0,0,Mr,B,0,adult
982,1,3,0,32,0,0,Mr,C,0,adult
313,0,1,0,50,1,1,Mr,C,2,adult
260,1,1,0,34,0,0,Mr,E,0,adult
806,1,3,0,26,0,0,Mr,D,0,adult
859,1,3,0,26,0,0,Mr,E,0,adult
36,1,1,1,45,0,0,Miss,C,0,adult
1131,0,3,1,18,0,0,Miss,F,0,adult
576,0,2,1,27,1,0,Mrs,E,1,adult
1230,0,3,0,27,0,0,Mr,C,0,adult
125,1,1,1,48,1,1,Mrs,B,2,adult
743,1,3,0,45,0,0,Mr,E,0,adult
975,0,3,0,30,1,0,Mr,F,1,adult
395,0,2,0,18,0,0,Mr,F,0,adult
856,0,3,0,11,0,0,Mr,E,0,child
410,0,2,0,36,0,0,Mr,D,0,adult
1183,1,3,1,21,0,0,Miss,F,0,adult
330,1,2,1,36,1,0,Mrs,E,1,adult
656,0,3,0,32,1,0,Mr,C,1,adult
993,0,3,1,30.5,0,0,Miss,C,0,adult
1202,0,3,0,22,0,0,Mr,F,0,adult
1280,0,3,1,14,0,0,Miss,F,0,child
972,0,3,0,21,0,0,Mr,C,0,adult
631,1,3,0,27,0,0,Mr,C,0,adult
215,1,1,1,23,1,0,Miss,D,1,adult
716,0,3,0,29,0,0,Mr,D,0,adult
946,1,3,0,43,0,0,Mr,E,0,adult
567,0,2,0,41,0,0,Mr,C,0,adult
236,1,1,0,61,0,0,Mr,B,0,adult
831,0,3,0,14,5,2,Mr,C,7,child
241,1,1,0,45,0,0,Mr,B,0,adult
1163,1,3,0,32,0,0,Mr,C,0,adult
961,0,3,0,34.5,0,0,Mr,F,0,adult
1198,0,3,0,21,0,0,Mr,D,0,adult
213,0,1,0,37,0,1,Mr,C,1,adult
515,1,2,0,2,1,1,Nobleman,F,2,child
911,0,3,0,17,0,0,Mr,F,0,child
325,1,2,1,28,1,0,Mrs,D,1,adult
1179,0,3,0,14,8,2,Mr,C,10,child
2,1,1,0,0.9167,1,2,Nobleman,C,3,child
212,0,1,0,47,0,0,Mr,C,0,adult
432,0,2,0,28,0,1,Rev,C,1,adult
1135,0,3,0,24,0,0,Mr,C,0,adult
923,1,3,1,19,0,0,Miss,E,0,adult
585,1,2,1,32.5,0,0,Miss,E,0,adult
507,0,2,0,70,0,0,Mr,C,0,adult
276,1,1,1,40,1,1,Mrs,E,2,adult
949,0,3,0,65,0,0,Mr,C,0,adult
508,0,2,0,27,0,0,Rev,C,0,adult
566,0,2,0,25,0,0,Mr,F,0,adult
1145,0,3,0,2,4,1,Nobleman,E,5,child
174,0,1,0,32.5,0,0,Mr,C,0,adult
602,0,3,0,13,0,2,Nobleman,G,2,child
719,0,3,0,20,0,0,Mr,F,0,adult
38,1,1,0,30,0,0,Mr,C,0,adult
1042,0,3,0,35,0,0,Mr,C,0,adult
280,0,1,0,62,0,0,Mr,C,0,adult
818,0,3,0,22,0,0,Mr,B,0,adult
779,1,3,1,30,0,0,Miss,B,0,adult
996,0,3,0,35,0,0,Mr,F,0,adult
6,1,1,0,48,0,0,Mr,E,0,adult
699,0,3,0,18,0,0,Mr,F,0,adult
171,1,1,0,49,0,0,Mr,B,0,adult
893,0,3,0,31,0,0,Mr,C,0,adult
91,1,1,1,27,1,2,Mrs,B,3,adult
1271,0,3,0,28,0,0,Mr,F,0,adult
836,0,3,0,36,0,0,Mr,D,0,adult
115,0,1,0,19,3,2,Mr,C,5,adult
1249,0,3,0,32,0,0,Mr,E,0,adult
1199,1,3,1,22,0,0,Miss,F,0,adult
1266,0,3,1,10,0,2,Miss,D,2,child
21,1,1,0,37,1,1,Mr,D,2,adult
409,0,2,0,18,0,0,Mr,F,0,adult
318,1,1,0,21,0,1,Mr,E,1,adult
875,1,3,0,18,0,0,Mr,E,0,adult
1087,0,3,1,31,0,0,Miss,G,0,adult
158,0,1,0,65,0,0,Mr,E,0,adult
939,0,3,0,18,1,1,Mr,F,2,adult
23,1,1,0,26,0,0,Mr,C,0,adult
347,0,2,0,26,0,0,Mr,E,0,adult
706,0,3,0,17,1,0,Mr,F,1,child
271,1,1,1,18,1,0,Mrs,C,1,adult
857,1,3,1,15,0,0,Miss,C,0,child
441,1,2,1,48,1,2,Mrs,B,3,adult
190,0,1,0,29,0,0,Mr,D,0,adult
1086,0,3,0,17,0,0,Mr,F,0,child
1172,0,3,0,14.5,8,2,Nobleman,C,10,child
827,0,3,0,1,5,2,Nobleman,C,7,child
118,1,1,1,30,0,0,Miss,E,0,adult
720,1,3,0,18,0,0,Mr,F,0,adult
405,0,2,0,21,0,0,Mr,F,0,adult
78,0,1,0,37,1,1,Mr,E,2,adult
29,1,1,1,35,0,0,Miss,C,0,adult
1089,1,3,0,32,0,0,Mr,F,0,adult
1225,0,3,0,21,0,0,Mr,F,0,adult
992,1,3,0,19,0,0,Mr,C,0,adult
1019,0,3,0,22,0,0,Mr,E,0,adult
1034,1,3,0,26,0,0,Mr,F,0,adult
978,0,3,0,20.5,0,0,Mr,F,0,adult
451,0,2,0,50,0,0,Mr,A,0,adult
951,0,3,0,29,0,0,Mr,D,0,adult
491,0,2,1,57,0,0,Mrs,E,0,adult
1200,0,3,0,21,0,0,Mr,F,0,adult
92,1,1,0,31,1,0,Mr,B,1,adult
1005,1,3,1,17,0,0,Miss,E,0,child
678,0,3,0,26,0,0,Mr,F,0,adult
62,1,1,1,76,1,0,Mrs,C,1,adult
120,1,1,0,50,2,0,Dr,E,2,adult
25,1,1,1,29,0,0,Miss,C,0,adult
1299,0,3,0,36,0,0,Mr,D,0,adult
375,0,2,0,29,0,0,Mr,F,0,adult
10,0,1,0,71,0,0,Mr,C,0,adult
437,1,2,1,45,1,1,Mrs,E,2,adult
933,0,3,1,22,2,0,Miss,D,2,adult
282,1,1,1,43,1,0,Mrs,C,1,adult
102,0,1,0,39,0,0,Mr,A,0,adult
1143,0,3,0,4,4,1,Nobleman,E,5,child
1219,0,3,0,30,0,0,Mr,F,0,adult
711,0,3,1,37,0,0,Miss,F,0,adult
147,1,1,1,49,1,0,Mrs,D,1,adult
1157,0,3,1,2,1,1,Miss,C,2,child
366,0,2,1,44,1,0,Mrs,A,1,adult
433,1,2,0,62,0,0,Mr,D,0,adult
768,0,3,0,19,0,0,Mr,F,0,adult
944,0,3,1,37,0,0,Miss,E,0,adult
715,1,3,0,32,0,0,Mr,D,0,adult
144,1,1,0,25,1,0,Mr,E,1,adult
613,1,3,1,18,0,1,Mrs,E,1,adult
557,0,2,0,27,0,0,Mr,C,0,adult
159,0,1,0,55,0,0,Mr,C,0,adult
714,0,3,0,21,0,0,Mr,D,0,adult
700,0,3,0,38,0,0,Mr,F,0,adult
411,0,2,0,24,0,0,Mr,F,0,adult
1201,0,3,0,33,0,0,Mr,F,0,adult
70,1,1,1,45,0,1,Mrs,E,1,adult
638,0,3,0,24,0,0,Mr,B,0,adult
373,0,2,0,29,1,0,Mr,B,1,adult
1058,1,3,1,14,1,0,Miss,C,1,child
1056,0,3,0,28,0,0,Mr,E,0,adult
994,1,3,1,30.5,0,0,Miss,B,0,adult
417,0,2,0,16,0,0,Mr,D,0,child
9,1,1,1,53,2,0,Mrs,C,2,adult
436,0,2,0,43,1,1,Mr,C,2,adult
722,0,3,0,36,0,0,Mr,F,0,adult
1096,0,3,1,18,0,0,Miss,D,0,adult
580,0,2,0,23,1,0,Mr,C,1,adult
251,1,1,1,18,2,2,Miss,B,4,adult
135,1,1,1,50,1,0,Mrs,C,1,adult
228,1,1,1,22,1,0,Mrs,C,1,adult
408,1,2,1,29,1,0,Mrs,E,1,adult
824,1,3,1,31,1,1,Mrs,A,2,adult
133,0,1,0,24,0,0,Mr,B,0,adult
564,0,2,0,35,0,0,Mr,B,0,adult
28,1,1,1,19,1,0,Mrs,B,1,adult
1001,1,3,0,21,0,0,Mr,C,0,adult
589,1,2,1,4,1,1,Miss,F,2,child
1038,1,3,1,32.5,0,0,Mrs,B,0,adult
141,1,1,0,23,0,1,Mr,D,1,adult
1162,0,3,0,16,0,0,Mr,D,0,child
1293,0,3,0,30.5,0,0,Mr,C,0,adult
931,0,3,0,23,1,0,Mr,C,1,adult
902,0,3,1,21,1,2,Miss,B,3,adult
1032,0,3,0,34,0,0,Mr,B,0,adult
7,1,1,1,63,1,0,Miss,D,1,adult
232,1,1,0,52,0,0,Military,C,0,adult
659,1,3,1,0.75,2,1,Miss,F,3,child
868,1,3,1,22,1,1,Mrs,B,2,adult
901,0,3,0,1,1,2,Nobleman,E,3,child
218,0,1,0,64,0,0,Mr,C,0,adult
1098,0,3,0,6,3,1,Nobleman,A,4,child
651,0,3,1,17,0,0,Miss,B,0,child
955,0,3,0,8,3,1,Nobleman,C,4,child
1171,0,3,0,13,8,2,Nobleman,E,10,child
197,1,1,0,47,0,0,Mr,C,0,adult
237,0,1,0,22,0,0,Mr,C,0,adult
345,1,2,1,19,0,0,Miss,E,0,adult
805,0,3,0,48,0,0,Mr,A,0,adult
571,1,2,1,50,0,0,Miss,D,0,adult
431,1,2,1,6,0,1,Miss,F,1,child
1309,0,3,0,29,0,0,Mr,F,0,adult
620,0,3,0,18,0,0,Mr,D,0,adult
168,1,1,1,35,1,0,Mrs,C,1,adult
1130,0,3,0,25,1,0,Mr,D,1,adult
404,0,2,0,23,0,0,Mr,F,0,adult
1122,1,3,0,6,1,1,Nobleman,E,2,child
162,1,1,1,51,1,0,Mrs,D,1,adult
19,1,1,1,32,0,0,Miss,D,0,adult
365,0,2,0,19,0,0,Mr,A,0,adult
775,0,3,0,43,0,0,Mr,E,0,adult
1189,1,3,1,24,0,2,Mrs,G,2,adult
217,1,1,1,19,0,2,Miss,D,2,adult
563,1,2,1,30,0,0,Miss,D,0,adult
739,1,3,1,17,0,1,Miss,F,1,child
369,0,2,0,37,1,0,Mr,D,1,adult
850,0,3,0,26,1,0,Mr,E,1,adult
1294,0,3,0,44,0,0,Mr,D,0,adult
887,1,3,1,22,0,0,Miss,F,0,adult
83,1,1,1,36,0,2,Miss,B,2,adult
27,1,1,0,25,1,0,Mr,B,1,adult
689,0,3,0,29,1,0,Mr,D,1,adult
185,0,1,0,32,0,0,Mr,E,0,adult
1053,0,3,0,16,0,0,Mr,F,0,child
621,0,3,0,32,0,0,Mr,C,0,adult
542,1,2,1,8,1,1,Miss,B,2,child
461,1,2,1,24,2,1,Mrs,B,3,adult
468,1,2,1,24,1,0,Mrs,C,1,adult
1112,0,3,0,0.75,1,1,Nobleman,F,2,child
528,0,2,0,28,0,0,Mr,F,0,adult
245,0,1,0,36,0,0,Mr,A,0,adult
1114,0,3,1,26,0,2,Mrs,G,2,adult
668,0,3,1,27,0,0,Miss,C,0,adult
444,0,2,0,32,2,0,Mr,C,2,adult
1041,1,3,1,24,0,0,Miss,C,0,adult
203,1,1,0,36,0,0,Mr,E,0,adult
721,0,3,0,24,0,0,Mr,C,0,adult
907,0,3,0,27,0,0,Mr,B,0,adult
47,0,1,0,29,0,0,Mr,E,0,adult
35,0,1,0,42,0,0,Mr,D,0,adult
350,1,2,1,24,0,0,Miss,F,0,adult
1062,1,3,1,26,0,0,Miss,E,0,adult
899,0,3,0,19,0,0,Mr,B,0,adult
829,0,3,1,10,5,2,Miss,E,7,child
240,0,1,0,31,0,0,Mr,A,0,adult
206,0,1,0,65,0,0,Mr,E,0,adult
904,0,3,1,36,1,2,Mrs,F,3,adult
132,1,1,1,45,0,1,Mrs,D,1,adult
803,0,3,0,31,0,0,Mr,F,0,adult
360,1,2,0,0.8333,0,2,Nobleman,F,2,child
303,1,1,1,35,0,0,Miss,B,0,adult
75,0,1,0,45,0,0,Mr,A,0,adult
1305,0,3,1,14.5,1,0,Miss,C,1,child
957,0,3,1,3,3,1,Miss,B,4,child
793,0,3,0,15,1,1,Mr,A,2,child
40,0,1,0,48,0,0,Mr,B,0,adult
26,0,1,0,25,0,0,Mr,C,0,adult
210,1,1,0,30,1,0,Mr,C,1,adult
488,0,2,0,61,0,0,Mr,D,0,adult
1002,1,3,1,9,2,0,Miss,A,2,child
94,1,1,0,53,1,1,Dr,A,2,adult
574,1,2,1,27,0,0,Miss,E,0,adult
502,1,2,1,13,0,1,Miss,A,1,child
572,0,2,0,23,0,0,Mr,F,0,adult
1039,0,3,0,21,0,0,Mr,F,0,adult
1030,0,3,0,26,1,0,Mr,C,1,adult
1007,1,3,1,17,0,0,Miss,C,0,child
53,0,1,0,28,0,0,Mr,C,0,adult
150,1,1,1,35,1,0,Mrs,C,1,adult
1307,0,3,0,26.5,0,0,Mr,A,0,adult
771,0,3,0,36,0,0,Mr,F,0,adult
971,1,3,0,20,1,0,Mr,C,1,adult
1105,0,3,0,16,4,1,Mr,A,5,child
609,0,3,0,30,0,0,Mr,C,0,adult
698,0,3,1,30,0,0,Miss,C,0,adult
474,0,2,0,47,0,0,Mr,C,0,adult
1134,0,3,0,17,0,0,Mr,F,0,child
266,1,1,0,28,0,0,Mr,A,0,adult
1036,1,3,0,9,1,1,Nobleman,E,2,child
209,1,1,1,37,1,0,Mrs,C,1,adult
311,0,1,0,57,1,1,Mr,B,2,adult
340,1,2,0,1,2,1,Nobleman,F,3,child
413,0,2,0,35,0,0,Mr,D,0,adult
1000,1,3,1,35,0,0,Miss,E,0,adult
804,0,3,0,26,0,0,Mr,E,0,adult
108,1,1,1,70,0,0,Mrs,C,0,adult
855,0,3,0,18,0,0,Mr,F,0,adult
183,1,1,1,30,0,0,Miss,C,0,adult
1239,1,3,0,25,0,0,Mr,F,0,adult
32,1,1,0,40,0,0,Mr,A,0,adult
327,0,2,0,18,0,0,Mr,F,0,adult
717,0,3,0,26,1,0,Mr,B,1,adult
316,1,1,1,21,0,0,Miss,B,0,adult
514,1,2,1,14,1,0,Mrs,C,1,child
814,0,3,0,26,0,0,Mr,F,0,adult
376,0,2,0,28,0,0,Mr,D,0,adult
77,1,1,1,39,1,1,Miss,E,2,adult
1254,0,3,0,21,0,0,Mr,F,0,adult
1220,0,3,0,25,0,0,Mr,F,0,adult
184,1,1,0,35,0,0,Mr,B,0,adult
1081,1,3,0,70.5,0,0,Mr,A,0,adult
389,1,2,1,28,0,0,Miss,E,0,adult
1164,0,3,0,45,0,0,Mr,F,0,adult
977,0,3,0,24,0,0,Mr,F,0,adult
1088,0,3,0,28,0,0,Mr,F,0,adult
968,0,3,1,45,0,0,Miss,F,0,adult
5,0,1,1,25,1,2,Mrs,C,3,adult
630,0,3,0,39,1,5,Mr,D,6,adult
1095,1,3,1,31,0,0,Mrs,E,0,adult
1243,0,3,0,28.5,0,0,Mr,F,0,adult
281,1,1,0,54,1,0,Mr,C,1,adult
774,0,3,0,42,0,0,Mr,F,0,adult
582,0,2,0,36,0,0,Mr,D,0,adult
458,0,2,0,33,0,0,Mr,B,0,adult
704,0,3,0,21,0,0,Mr,C,0,adult
976,0,3,1,26,1,0,Mrs,C,1,adult
1267,0,3,0,36,1,1,Mr,D,2,adult
707,0,3,1,43,1,0,Mrs,D,1,adult
398,0,2,0,54,0,0,Mr,C,0,adult
1140,0,3,0,38,0,0,Mr,F,0,adult
1106,0,3,0,14,4,1,Mr,D,5,child
452,0,2,0,44,1,0,Mr,B,1,adult
342,1,2,1,12,2,1,Miss,F,3,child
208,1,1,1,33,1,0,Miss,C,1,adult
666,0,3,1,18,0,1,Miss,E,1,adult
724,0,3,0,31,0,0,Mr,F,0,adult
653,0,3,0,23,0,0,Mr,F,0,adult
152,1,1,0,27,0,0,Mr,D,0,adult
450,1,2,1,54,1,3,Mrs,E,4,adult
897,0,3,0,49,0,0,Mr,F,0,adult
1121,1,3,0,25,1,0,Mr,C,1,adult
758,1,3,1,36,1,0,Mrs,C,1,adult
764,1,3,1,0.1667,1,2,Miss,C,3,child
705,0,3,0,21,0,0,Mr,D,0,adult
877,0,3,0,36,0,0,Mr,F,0,adult
632,0,3,0,26,0,0,Mr,F,0,adult
84,1,1,1,64,1,1,Mrs,B,2,adult
753,0,3,0,24,2,0,Mr,C,2,adult
243,1,1,1,33,0,0,Miss,A,0,adult
1224,1,3,1,23,0,0,Miss,F,0,adult
1279,0,3,0,20,0,0,Mr,D,0,adult
529,0,2,0,30,0,0,Mr,A,0,adult
460,0,2,0,42,1,0,Mr,D,1,adult
1,1,1,1,29,0,0,Miss,B,0,adult
1182,0,3,0,24,0,0,Mr,B,0,adult
138,1,1,1,19,0,0,Miss,B,0,adult
1025,0,3,0,25,0,0,Mr,F,0,adult
504,1,2,0,19,0,0,Mr,F,0,adult
505,0,2,0,39,0,0,Mr,F,0,adult
1155,0,3,0,33,0,0,Mr,F,0,adult
1252,0,3,0,30.5,0,0,Mr,F,0,adult
459,1,2,1,17,0,0,Miss,C,0,child
1296,0,3,0,21,0,0,Mr,C,0,adult
703,0,3,1,21,0,0,Miss,B,0,adult
172,0,1,0,46,0,0,Mr,C,0,adult
225,0,1,0,45.5,0,0,Mr,C,0,adult
272,1,1,0,24,1,0,Mr,B,1,adult
536,0,2,0,43,0,1,Mr,E,1,adult
255,1,1,0,80,0,0,Mr,C,0,adult
445,0,2,0,21,2,0,Mr,D,2,adult
57,1,1,0,36,1,2,Mr,B,3,adult
66,1,1,1,33,1,0,Mrs,E,1,adult
453,1,2,1,29,1,0,Mrs,A,1,adult
274,1,1,0,6,0,2,Nobleman,E,2,child
160,1,1,1,16,0,1,Miss,B,1,child
406,0,2,0,18,0,0,Mr,F,0,adult
749,0,3,0,34,1,1,Mr,B,2,adult
336,0,2,0,51,0,0,Rev,B,0,adult
374,1,2,1,28,1,0,Mrs,E,1,adult
22,1,1,1,47,1,1,Mrs,D,2,adult
930,0,3,0,21,1,0,Mr,A,1,adult
525,1,2,0,29,0,0,Mr,B,0,adult
1257,1,3,0,7,1,1,Nobleman,B,2,child
182,1,1,1,49,0,0,Dr,D,0,adult
852,1,3,1,45,1,0,Mrs,E,1,adult
575,0,2,0,29,1,0,Mr,D,1,adult
275,1,1,0,45,1,1,Mr,E,2,adult
181,1,1,1,39,0,0,Miss,B,0,adult
587,1,2,1,29,1,0,Mrs,E,1,adult
671,0,3,0,26,0,0,Mr,E,0,adult
895,1,3,0,4,1,1,Nobleman,E,2,child
497,0,2,0,30,0,0,Mr,C,0,adult
242,0,1,0,34,0,0,Mr,A,0,adult
614,1,3,0,26,0,0,Mr,C,0,adult
1300,0,3,0,27,1,0,Mr,C,1,adult
562,0,2,0,59,0,0,Mr,F,0,adult
1119,0,3,0,25,0,0,Mr,D,0,adult
748,0,3,0,0.3333,0,2,Nobleman,C,2,child
926,0,3,0,44,0,0,Mr,D,0,adult
736,1,3,1,36,0,2,Mrs,C,2,adult
648,1,3,1,45,0,0,Mrs,B,0,adult
1137,0,3,1,23,0,0,Mrs,D,0,adult
755,0,3,0,21,2,0,Mr,C,2,adult
767,0,3,0,25,0,0,Mr,F,0,adult
1287,1,3,1,38,0,0,Mrs,C,0,adult
400,0,2,0,42,1,1,Mr,B,2,adult
1194,0,3,0,19,0,0,Mr,F,0,adult
112,1,1,1,24,3,2,Miss,C,5,adult
90,0,1,0,31,1,0,Mr,B,1,adult
810,0,3,0,18,2,2,Mr,D,4,adult
650,0,3,0,23,0,0,Mr,B,0,adult
1046,0,3,0,18,0,0,Mr,D,0,adult
20,0,1,0,36,0,0,Mr,C,0,adult
248,1,1,1,54,1,0,Mrs,C,1,adult
1014,0,3,1,14,0,0,Miss,C,0,child
1206,1,3,1,18,0,0,Miss,F,0,adult
230,1,1,1,17,1,0,Mrs,C,1,child
643,0,3,0,13,4,2,Nobleman,B,6,child
1168,0,3,0,24,0,0,Mr,F,0,adult
578,1,2,1,31,0,0,Miss,E,0,adult
1272,0,3,0,28,0,0,Mr,F,0,adult
677,0,3,0,18,0,0,Mr,F,0,adult
1227,0,3,0,19,0,0,Mr,F,0,adult
306,0,1,0,60,0,0,Military,B,0,adult
1077,0,3,1,18,0,0,Miss,D,0,adult
1149,0,3,0,35,0,0,Mr,F,0,adult
392,0,2,0,29,1,0,Mr,D,1,adult
401,1,2,1,34,1,1,Mrs,F,2,adult
605,1,3,1,16,0,0,Miss,C,0,child
1210,0,3,1,2,3,2,Miss,E,5,child
257,1,1,0,28,0,0,Mr,C,0,adult
1255,1,3,0,25,0,0,Mr,C,0,adult
914,1,3,0,21,0,0,Mr,F,0,adult
119,0,1,0,42,0,0,Mr,D,0,adult
179,1,1,1,45,1,0,Mrs,D,1,adult
1093,0,3,0,20,0,0,Mr,C,0,adult
1047,0,3,0,22,0,0,Mr,C,0,adult
370,0,2,1,29,1,0,Mrs,E,1,adult
98,1,1,1,27,1,1,Mrs,B,2,adult
455,1,2,0,42,0,0,Mr,B,0,adult
590,1,2,1,29,0,2,Mrs,F,2,adult
1197,1,3,0,29,0,0,Mr,D,0,adult
1125,0,3,1,47,0,0,Miss,B,0,adult
1222,0,3,0,24,0,0,Mr,F,0,adult
377,1,2,0,24,0,0,Mr,F,0,adult
429,1,2,1,24,0,2,Mrs,C,2,adult
293,1,1,0,48,1,0,Mr,C,1,adult
299,1,1,0,31,0,0,Mr,C,0,adult
607,1,3,0,20,0,0,Mr,F,0,adult
97,0,1,0,50,1,0,Mr,C,1,adult
64,1,1,1,47,1,0,Mrs,E,1,adult
321,1,1,0,48,0,0,Mr,C,0,adult
889,0,3,0,34,0,0,Mr,F,0,adult
532,0,2,0,36,0,0,Mr,E,0,adult
466,1,2,1,23,0,0,Mrs,D,0,adult
691,0,3,0,22,0,0,Mr,F,0,adult
249,0,1,0,33,0,0,Mr,B,0,adult
618,0,3,0,25,0,0,Mr,F,0,adult
485,1,2,1,34,0,0,Mrs,F,0,adult
778,1,3,0,19,0,0,Mr,F,0,adult
791,0,3,0,39,0,2,Mr,B,2,adult
892,0,3,0,33,0,0,Mr,E,0,adult
616,0,3,0,20,0,0,Mr,D,0,adult
440,0,2,0,49,1,2,Mr,C,3,adult
314,0,1,0,27,0,2,Mr,C,2,adult
189,1,1,1,51,0,1,Mrs,D,1,adult
259,1,1,1,30,0,0,Miss,C,0,adult
1190,1,3,1,4,1,1,Miss,G,2,child
861,1,3,1,26,0,0,Miss,D,0,adult
953,0,3,0,22,0,0,Mr,F,0,adult
256,1,1,1,24,0,0,Miss,B,0,adult
539,1,2,0,30,0,0,Mr,D,0,adult
773,0,3,0,17,0,0,Mr,F,0,child
652,0,3,0,30,0,0,Mr,F,0,adult
127,0,1,0,37,1,0,Mr,C,1,adult
1059,0,3,1,29,0,0,Miss,C,0,adult
642,1,3,0,3,4,2,Nobleman,T,6,child
186,0,1,0,42,0,0,Mr,E,0,adult
1079,1,3,1,22,0,0,Miss,C,0,adult
495,1,2,1,24,1,1,Mrs,D,2,adult
597,1,2,0,31,0,0,Mr,E,0,adult
690,0,3,0,22,1,0,Mr,B,1,adult
881,1,3,0,29,0,0,Mr,C,0,adult
1248,1,3,1,15,1,0,Mrs,C,1,child
905,0,3,0,23,0,0,Mr,F,0,adult
780,0,3,1,24,0,0,Miss,E,0,adult
851,0,3,0,21,0,0,Mr,E,0,adult
223,0,1,0,28.5,0,0,Mr,D,0,adult
633,0,3,1,39,1,5,Mrs,D,6,adult
900,1,3,1,27,0,2,Mrs,E,2,adult
480,1,2,1,3,1,2,Miss,F,3,child
289,1,1,1,48,0,0,Mrs,D,0,adult
879,0,3,1,25,1,0,Miss,B,1,adult
166,1,1,0,38,1,0,Mr,C,1,adult
470,1,2,1,16,0,0,Miss,E,0,child
862,0,3,1,23,0,0,Miss,F,0,adult
1177,0,3,0,14,8,2,Mr,C,10,child
438,1,2,1,24,1,2,Miss,E,3,adult
641,0,3,0,9,4,2,Nobleman,C,6,child
163,0,1,0,42,1,0,Mr,C,1,adult
937,1,3,1,26,1,1,Mrs,E,2,adult
402,1,2,1,27,1,0,Miss,B,1,adult
1185,0,3,0,36,2,0,Mr,B,2,adult
322,0,1,0,62,0,0,Mr,C,0,adult
270,0,1,0,45,0,0,Mr,A,0,adult
1265,0,3,0,40.5,0,2,Mr,F,2,adult
334,1,2,1,36,0,0,Mrs,D,0,adult
107,0,1,0,56,0,0,Mr,C,0,adult
820,1,3,1,30,0,0,Miss,C,0,adult
1192,0,3,0,20,0,0,Mr,C,0,adult
1203,0,3,0,19,0,0,Mr,E,0,adult
560,1,2,1,20,0,0,Miss,D,0,adult
403,1,2,1,30,1,0,Miss,D,1,adult
519,0,2,0,19,1,1,Mr,F,2,adult
1008,1,3,1,15,0,0,Miss,D,0,child
384,0,2,0,21,0,0,Mr,D,0,adult
663,0,3,0,40,0,0,Mr,F,0,adult
286,0,1,0,67,1,0,Mr,C,1,adult
58,1,1,1,36,1,2,Mrs,B,3,adult
655,0,3,0,20,0,0,Mr,C,0,adult
516,1,2,0,3,1,1,Nobleman,F,2,child
390,0,2,0,32,0,0,Mr,F,0,adult
683,0,3,1,26,0,2,Miss,D,2,adult
916,0,3,0,22,0,0,Mr,F,0,adult
263,0,1,0,50,1,0,Mr,E,1,adult
199,1,1,1,18,1,0,Mrs,D,1,adult
238,0,1,0,30,0,0,Mr,E,0,adult
954,1,3,0,22,0,0,Mr,E,0,adult
684,0,3,0,40,1,1,Mr,D,2,adult
80,1,1,1,55,2,0,Mrs,C,2,adult
317,0,1,0,51,0,1,Mr,B,1,adult
883,0,3,0,59,0,0,Mr,F,0,adult
1284,0,3,0,44,0,0,Mr,C,0,adult
908,0,3,1,20,1,0,Miss,B,1,adult
731,0,3,0,27,0,0,Mr,F,0,adult
744,0,3,1,22,0,0,Miss,E,0,adult
227,0,1,0,29,1,0,Mr,C,1,adult
307,0,1,0,54,0,1,Mr,D,1,adult
476,0,2,1,26,1,1,Mrs,C,2,adult
935,1,3,1,4,0,2,Miss,E,2,child
191,1,1,1,21,0,0,Miss,D,0,adult
526,0,2,0,23,0,0,Dr,F,0,adult
1308,0,3,0,27,0,0,Mr,C,0,adult
1120,0,3,0,22,0,0,Mr,C,0,adult
732,0,3,0,19,0,0,Mr,F,0,adult
143,0,1,0,46,0,0,Mr,B,0,adult
544,0,2,0,36,0,0,Mr,D,0,adult
842,0,3,1,17,0,0,Miss,B,0,child
156,1,1,1,52,1,1,Mrs,B,2,adult
511,0,2,0,16,0,0,Mr,F,0,child
669,0,3,0,22,0,0,Mr,B,0,adult
74,1,1,1,22,0,0,Miss,D,0,adult
85,0,1,0,39,1,0,Mr,C,1,adult
729,0,3,0,43,0,0,Mr,F,0,adult
1052,0,3,0,33,0,0,Mr,D,0,adult
811,0,3,0,16,1,3,Mr,F,4,child
694,1,3,0,21,0,0,Mr,F,0,adult
204,0,1,0,28,1,0,Mr,C,1,adult
871,1,3,1,27,0,0,Miss,D,0,adult
462,0,2,0,47,0,0,Mr,E,0,adult
56,1,1,1,14,1,2,Miss,B,3,child
593,0,2,0,36,1,2,Mr,F,3,adult
292,1,1,1,39,1,1,Mrs,E,2,adult
517,0,2,0,36.5,0,2,Mr,F,2,adult
987,0,3,0,22,0,0,Mr,F,0,adult
363,1,2,1,35,0,0,Miss,F,0,adult
967,0,3,1,25,0,0,Miss,F,0,adult
1057,1,3,0,12,1,0,Nobleman,E,1,child
730,0,3,0,35,0,0,Mr,F,0,adult
1306,0,3,1,14.5,1,0,Miss,B,1,child
891,0,3,0,22,0,0,Mr,C,0,adult
952,0,3,0,29,0,0,Mr,F,0,adult
254,1,1,1,48,1,3,Mrs,B,4,adult
30,1,1,0,28,0,0,Mr,C,0,adult
443,0,2,0,24,2,0,Mr,C,2,adult
1264,0,3,0,11.5,1,1,Nobleman,D,2,child
1147,0,3,1,39,0,5,Mrs,F,5,adult
397,1,2,1,34,0,1,Mrs,F,1,adult
407,0,2,0,40,1,0,Mr,F,1,adult
1263,0,3,0,6,1,1,Nobleman,E,2,child
884,0,3,0,20,0,0,Mr,D,0,adult
472,1,2,1,45,0,0,Mrs,C,0,adult
601,0,3,0,42,0,0,Mr,F,0,adult
679,0,3,0,6,1,1,Nobleman,C,2,child
1233,1,3,0,16,0,0,Mr,E,0,child
734,1,3,0,9,1,1,Nobleman,F,2,child
509,0,2,0,54,0,0,Dr,A,0,adult
802,0,3,0,26,0,0,Mr,B,0,adult
1285,0,3,0,48,0,0,Mr,E,0,adult
1289,0,3,0,18,1,0,Mr,F,1,adult
331,0,2,0,57,0,0,Mr,C,0,adult
894,0,3,0,29,0,0,Mr,F,0,adult
973,0,3,0,28,0,0,Mr,B,0,adult
569,0,2,0,18.5,0,0,Mr,F,0,adult
751,0,3,0,27,0,0,Mr,E,0,adult
673,0,3,0,40,0,0,Nobleman,E,0,adult
1242,0,3,0,40,1,0,Mr,C,1,adult
1187,0,3,0,18.5,2,0,Mr,D,2,adult
822,0,3,0,33,1,1,Mr,D,2,adult
845,0,3,0,28,1,0,Mr,B,1,adult
449,0,2,0,36,0,0,Mr,E,0,adult
176,0,1,0,41,1,0,Mr,D,1,adult
167,0,1,0,35,0,0,Mr,C,0,adult
503,1,2,1,41,0,1,Mrs,E,1,adult
320,1,1,1,31,0,0,Miss,E,0,adult
214,1,1,1,31,1,0,Miss,D,1,adult
725,0,3,0,31,0,0,Mr,F,0,adult
1259,1,3,1,29,0,2,Mrs,F,2,adult
273,1,1,1,23,1,0,Mrs,B,1,adult
696,0,3,1,18,0,0,Miss,G,0,adult
1276,0,3,0,16,2,0,Mr,F,2,child
1204,0,3,0,40,0,0,Mr,F,0,adult
1304,0,3,0,11,0,0,Mr,F,0,child
922,0,3,0,28,0,0,Mr,F,0,adult
522,1,2,1,29,0,0,Mrs,F,0,adult
14,1,1,1,26,0,0,Miss,E,0,adult
1033,0,3,0,56,0,0,Mr,C,0,adult
235,0,1,0,38,0,0,Nobleman,C,0,adult
622,1,3,1,19,1,0,Miss,B,1,adult
681,0,3,0,23,0,0,Mr,F,0,adult
635,0,3,0,26,0,0,Mr,F,0,adult
1027,1,3,1,27,0,1,Mrs,E,1,adult
391,0,2,0,17,0,0,Mr,D,0,child
196,1,1,1,16,0,0,Miss,B,0,child
672,0,3,0,22,0,0,Mr,E,0,adult
247,0,1,0,55,1,0,Mr,C,1,adult
1049,1,3,1,1,0,2,Miss,C,2,child
155,0,1,0,55,1,1,Mr,B,2,adult
586,0,2,0,27,1,0,Mr,E,1,adult
222,0,1,0,65,0,1,Mr,B,1,adult
1115,0,3,0,35,0,0,Mr,F,0,adult
279,1,1,0,32,0,0,Dr,B,0,adult
1159,0,3,1,41,0,2,Mrs,A,2,adult
760,1,3,1,36,1,0,Mrs,C,1,adult
898,0,3,0,33,0,0,Mr,D,0,adult
246,1,1,1,33,0,0,Noblewoman,B,0,adult
860,0,3,1,18,0,0,Miss,C,0,adult
741,0,3,0,17,0,0,Mr,E,0,child
1064,0,3,0,41,0,0,Mr,F,0,adult
1247,0,3,0,26,1,0,Mr,C,1,adult
770,0,3,0,22,0,0,Mr,C,0,adult
46,0,1,0,45,0,0,Military,B,0,adult
278,1,1,1,48,1,0,Mrs,B,1,adult
674,0,3,0,20,0,0,Mr,D,0,adult
394,0,2,0,25,0,0,Mr,F,0,adult
131,1,1,1,22,0,1,Miss,B,1,adult
1273,0,3,0,47,0,0,Mr,A,0,adult
65,1,1,0,27,1,0,Mr,E,1,adult
493,1,2,0,1,0,2,Nobleman,A,2,child
608,1,3,1,18,0,0,Mrs,C,0,adult
352,0,2,0,60,1,1,Mr,F,2,adult
837,0,3,0,20,0,0,Mr,F,0,adult
295,0,1,0,49,1,1,Mr,C,2,adult
296,1,1,0,17,0,2,Mr,C,2,child
966,0,3,0,24,0,0,Mr,F,0,adult
88,1,1,0,27,0,0,Mr,C,0,adult
523,0,2,0,39,0,0,Mr,D,0,adult
348,0,2,0,42,0,0,Mr,B,0,adult
840,0,3,0,19,0,0,Mr,F,0,adult
76,0,1,0,47,0,0,Mr,E,0,adult
1024,1,3,1,18,0,0,Miss,D,0,adult
81,0,1,0,62,0,0,Mr,C,0,adult
581,1,2,1,31,0,0,Mrs,D,0,adult
457,0,2,1,60,1,0,Mrs,E,1,adult
918,1,3,0,39,0,1,Mr,E,1,adult
1175,0,3,1,16,8,2,Miss,B,10,child
723,0,3,0,24,0,0,Mr,B,0,adult
145,1,1,1,25,1,0,Mrs,E,1,adult
612,1,3,0,0.8333,0,1,Nobleman,B,1,child
1099,0,3,1,3,3,1,Miss,C,4,child
1158,0,3,0,18,1,1,Mr,G,2,adult
1156,0,3,0,24,0,0,Mr,F,0,adult
766,1,3,1,33,1,2,Mrs,G,3,adult
337,1,2,0,32,1,0,Mr,D,1,adult
843,0,3,0,22,1,0,Mr,C,1,adult
995,0,3,0,25,0,0,Mr,F,0,adult
418,0,2,0,26,0,0,Mr,F,0,adult
665,1,3,0,20,0,0,Mr,C,0,adult
644,1,3,1,5,4,2,Miss,B,6,child
205,1,1,1,33,1,0,Mrs,D,1,adult
140,1,1,1,58,0,1,Mrs,C,1,adult
878,0,3,1,27,1,0,Miss,E,1,adult
819,1,3,1,16,0,0,Miss,F,0,child
415,0,2,0,34,1,0,Mr,C,1,adult
1277,0,3,1,31,1,0,Mrs,F,1,adult
965,0,3,0,39,0,0,Mr,F,0,adult
712,0,3,0,28,0,0,Mr,F,0,adult
997,0,3,0,33,0,0,Mr,F,0,adult
947,0,3,0,26,0,0,Mr,D,0,adult
130,1,1,1,35,0,0,Miss,C,0,adult
1050,1,3,0,20,1,1,Mr,D,2,adult
165,1,1,0,35,0,0,Mr,E,0,adult
1129,0,3,0,29,0,0,Mr,C,0,adult
938,0,3,1,1,1,1,Miss,C,2,child
305,1,1,1,60,1,0,Mrs,D,1,adult
763,1,3,0,1,1,2,Nobleman,E,3,child
1302,0,3,0,45.5,0,0,Mr,B,0,adult
876,0,3,0,30,0,0,Mr,E,0,adult
339,0,2,0,28,0,0,Mr,E,0,adult
1260,0,3,0,36,0,0,Mr,F,0,adult
788,0,3,0,16,0,0,Mr,F,0,child
153,1,1,0,34,0,0,Mr,D,0,adult
1071,0,3,0,25,0,0,Mr,F,0,adult
355,0,2,0,25,1,0,Mr,F,1,adult
786,1,3,1,22,1,0,Mrs,C,1,adult
639,0,3,0,35,0,0,Mr,F,0,adult
1184,0,3,0,39,0,0,Mr,F,0,adult
1292,0,3,0,22,0,0,Mr,B,0,adult
815,0,3,0,25,0,0,Mr,F,0,adult
962,0,3,1,29,1,0,Miss,C,1,adult
435,1,2,1,7,0,2,Miss,F,2,child
224,0,1,0,52,0,0,Mr,C,0,adult
41,0,1,0,39,0,0,Dr,A,0,adult
1226,0,3,0,60.5,0,0,Mr,G,0,adult
606,1,3,0,25,0,0,Mr,F,0,adult
285,1,1,1,62,0,0,Mrs,B,0,adult
139,0,1,0,38,0,1,Mr,C,1,adult
599,1,2,1,26,0,0,Miss,E,0,adult
927,1,3,0,31,0,0,Mr,F,0,adult
756,0,3,0,17,2,0,Mr,E,2,child
464,0,2,0,22,2,0,Mr,C,2,adult
846,1,3,1,24,1,0,Mrs,C,1,adult
661,1,3,1,24,0,3,Mrs,E,3,adult
1037,1,3,1,19,0,2,Mrs,E,2,adult
693,0,3,1,18.5,0,0,Miss,F,0,adult
483,1,2,1,17,0,0,Miss,D,0,child
1176,0,3,1,16,8,2,Miss,E,10,child
477,0,2,0,30,1,1,Rev,E,2,adult
619,0,3,0,35,0,0,Mr,E,0,adult
817,0,3,0,29,0,0,Mr,E,0,adult
991,0,3,0,29,0,0,Mr,F,0,adult
1246,0,3,0,48,0,0,Mr,E,0,adult
442,1,2,1,55,0,0,Mrs,C,0,adult
264,1,1,1,39,1,0,Mrs,E,1,adult
351,1,2,1,15,0,2,Miss,E,2,child
1100,0,3,1,8,3,1,Miss,A,4,child
789,0,3,0,45,0,0,Mr,F,0,adult
301,0,1,0,61,0,0,Mr,B,0,adult
1009,0,3,1,35,0,0,Miss,F,0,adult
157,0,1,0,42,0,0,Mr,B,0,adult
149,0,1,0,45,1,0,Mr,C,1,adult
1262,1,3,1,63,0,0,Mrs,C,0,adult
1191,1,3,0,25,0,0,Mr,F,0,adult
880,0,3,0,20,0,0,Mr,F,0,adult
59,0,1,0,49,0,0,Mr,C,0,adult
1068,1,3,1,22,0,0,Miss,A,0,adult
114,1,1,1,23,3,2,Miss,C,5,adult
849,0,3,0,41,2,0,Mr,D,2,adult
117,1,1,1,60,1,4,Mrs,C,5,adult
1215,0,3,0,24,0,0,Mr,F,0,adult
1016,0,3,0,55.5,0,0,Mr,B,0,adult
456,0,2,0,63,1,0,Mr,C,1,adult
1282,0,3,0,22,0,0,Mr,D,0,adult
726,1,3,1,22,0,0,Miss,B,0,adult
917,1,3,1,4,0,1,Miss,B,1,child
558,1,2,1,25,0,1,Mrs,D,1,adult
111,0,1,0,30,0,0,Mr,C,0,adult
1251,0,3,0,22,0,0,Mr,F,0,adult
95,1,1,0,4,0,2,Nobleman,A,2,child
658,1,3,1,0.75,2,1,Miss,B,3,child
490,1,2,1,42,1,0,Mrs,F,1,adult
541,1,2,1,2,1,1,Miss,E,2,child
847,0,3,0,20,0,0,Mr,E,0,adult
24,1,1,1,42,0,0,Miss,C,0,adult
17,0,1,0,24,0,1,Mr,B,1,adult
1288,0,3,0,51,0,0,Mr,F,0,adult
1188,1,3,1,1,1,1,Miss,G,2,child
498,0,2,0,40,0,0,Mr,T,0,adult
277,0,1,0,57,1,0,Mr,B,1,adult
211,0,1,0,55,0,0,Mr,C,0,adult
1216,0,3,0,20,0,0,Mr,F,0,adult
324,0,2,0,30,1,0,Mr,D,1,adult
701,0,3,0,17,0,0,Mr,D,0,child
169,1,1,1,38,0,0,Miss,B,0,adult
813,0,3,0,31,0,0,Mr,F,0,adult
1133,0,3,0,18,0,0,Mr,E,0,adult
628,0,3,1,9,4,2,Miss,C,6,child
1040,1,3,1,23,0,0,Miss,G,0,adult
1080,1,3,1,22,0,0,Miss,F,0,adult
1232,0,3,1,29,1,1,Mrs,G,2,adult
692,0,3,0,35,0,0,Mr,E,0,adult
1142,0,3,0,10,4,1,Nobleman,E,5,child
535,1,2,1,19,0,0,Miss,F,0,adult
1214,0,3,0,32,0,0,Mr,F,0,adult
1148,0,3,1,22,0,0,Miss,G,0,adult
109,1,1,1,41,0,0,Miss,B,0,adult
73,1,1,1,26,1,0,Mrs,C,1,adult
297,1,1,1,39,1,1,Mrs,C,2,adult
1213,0,3,0,22,0,0,Mr,D,0,adult
335,0,2,0,28,0,0,Mr,C,0,adult
378,1,2,1,8,0,2,Miss,F,2,child
170,0,1,1,50,0,0,Miss,C,0,adult
781,1,3,1,23,0,0,Miss,E,0,adult
61,0,1,0,36,1,0,Mr,C,1,adult
465,0,2,0,32,0,0,Mr,D,0,adult
469,0,2,1,22,0,0,Mrs,C,0,adult
1195,0,3,0,25,0,0,Mr,F,0,adult
702,0,3,0,17,0,0,Mr,D,0,child
591,1,2,1,0.9167,1,2,Miss,C,3,child
873,1,3,1,18,0,0,Miss,B,0,adult
15,1,1,0,80,0,0,Mr,A,0,adult
72,0,1,0,27,1,0,Mr,C,1,adult
718,0,3,0,18,1,0,Mr,C,1,adult
1261,1,3,1,18,0,0,Miss,E,0,adult
136,0,1,0,71,0,0,Mr,A,0,adult
349,0,2,0,27,0,0,Mr,F,0,adult
520,0,2,0,28,0,0,Mr,D,0,adult
1186,0,3,0,33,2,0,Mr,C,2,adult
657,1,3,1,33,3,0,Mrs,C,3,adult
1165,0,3,0,32,0,0,Mr,C,0,adult
216,0,1,0,58,0,2,Mr,D,2,adult
1126,0,3,0,24,0,0,Mr,F,0,adult
1170,0,3,0,38.5,0,0,Mr,F,0,adult
649,0,3,0,21,0,0,Mr,D,0,adult
735,1,3,0,3,1,1,Nobleman,G,2,child
600,0,2,1,24,0,0,Miss,E,0,adult
1208,0,3,0,10,3,2,Nobleman,C,5,child
471,0,2,0,35,0,0,Mr,B,0,adult
654,1,3,1,13,0,0,Miss,F,0,child
921,0,3,0,28,0,0,Mr,C,0,adult
1151,0,3,0,21,0,0,Mr,A,0,adult
709,0,3,0,24,0,0,Mr,D,0,adult
37,1,1,1,22,0,1,Miss,E,1,adult
1101,0,3,1,29,0,4,Mrs,A,4,adult
315,1,1,1,50,1,1,Mrs,C,2,adult
1051,1,3,1,19,1,1,Mrs,C,2,adult
388,1,2,1,48,0,2,Mrs,E,2,adult
357,0,2,0,25,0,0,Mr,B,0,adult
865,0,3,1,28,0,0,Miss,C,0,adult
192,0,1,0,30,0,0,Mr,C,0,adult
161,1,1,1,44,0,1,Mrs,B,1,adult
298,1,1,1,50,0,0,Mrs,E,0,adult
754,0,3,0,22,0,0,Mr,F,0,adult
173,0,1,0,50,0,0,Mr,E,0,adult
48,1,1,0,42,0,0,Mr,E,0,adult
530,1,2,1,50,0,1,Mrs,E,1,adult
603,0,3,0,16,1,1,Mr,F,2,child
354,1,2,1,20,1,0,Miss,F,1,adult
1301,1,3,1,15,1,0,Mrs,E,1,child
113,1,1,1,28,3,2,Miss,C,5,adult
1018,1,3,0,21,0,0,Mr,D,0,adult
188,1,1,1,16,0,1,Miss,D,1,child
1132,1,3,0,32,0,0,Mr,E,0,adult
323,1,1,1,36,0,0,Miss,C,0,adult
942,1,3,0,25,0,0,Mr,F,0,adult
424,0,2,0,34,0,0,Mr,F,0,adult
427,0,2,0,30,0,0,Mr,F,0,adult
420,0,2,0,21,1,0,Mr,F,1,adult
647,1,3,1,38,1,5,Mrs,B,6,adult
368,0,2,0,52,0,0,Mr,E,0,adult
1274,0,3,1,18,2,0,Miss,C,2,adult
906,1,3,0,32,0,0,Mr,E,0,adult
60,1,1,1,55,0,0,Mrs,C,0,adult
790,0,3,0,27,0,0,Mr,F,0,adult
1118,0,3,0,21,0,0,Mr,C,0,adult
984,0,3,0,24,0,0,Mr,F,0,adult
1244,0,3,0,33,0,0,Mr,F,0,adult
1310,0,3,,34,0,0,Miss,F,0,adult
382,0,2,1,30,0,0,Mrs,D,0,adult
1065,1,3,0,39,0,0,Mr,E,0,adult
344,1,2,0,34,0,0,Mr,D,0,adult
338,1,2,1,19,1,0,Mrs,E,1,adult
71,0,1,0,52,0,0,Mr,A,0,adult
100,1,1,1,48,1,0,Noblewoman,A,1,adult
1074,0,3,0,31,0,0,Mr,F,0,adult
346,0,2,0,23,0,0,Mr,B,0,adult
864,0,3,0,28,0,0,Mr,F,0,adult
42,1,1,1,44,0,0,Mrs,B,0,adult
1107,0,3,1,41,0,5,Mrs,B,5,adult
596,0,2,0,33,0,0,Mr,D,0,adult
910,1,3,0,32,0,0,Mr,E,0,adult
909,0,3,1,21,1,0,Miss,C,1,adult
124,1,1,0,60,1,1,Mr,B,2,adult
686,0,3,0,21,0,0,Mr,E,0,adult
637,0,3,1,18,1,0,Mrs,C,1,adult
1044,1,3,1,18,1,0,Miss,B,1,adult
104,1,1,1,38,0,0,Miss,C,0,adult
487,0,2,0,24,0,0,Mr,E,0,adult
454,0,2,0,21,0,0,Mr,F,0,adult
925,0,3,0,34.5,0,0,Mr,F,0,adult
486,0,2,0,36,0,0,Mr,D,0,adult
12,1,1,1,18,1,0,Mrs,C,1,adult
832,0,3,0,40,1,6,Mr,E,7,adult
13,1,1,1,24,0,0,Miss,B,0,adult
629,0,3,1,11,4,2,Miss,D,6,child
738,0,3,0,19,0,0,Mr,C,0,adult
122,1,1,1,39,1,0,Mrs,C,1,adult
867,1,3,1,2,0,1,Miss,C,1,child
11,0,1,0,47,1,0,Military,C,1,adult
51,1,1,1,58,0,1,Mrs,B,1,adult
1082,1,3,1,23,0,0,Miss,C,0,adult
1237,1,3,0,14,0,0,Mr,F,0,child
412,0,2,1,38,0,0,Miss,D,0,adult
416,1,2,1,34,0,0,Miss,E,0,adult
533,0,2,0,41,0,0,Rev,A,0,adult
475,0,2,0,31,0,0,Mr,D,0,adult
492,0,2,0,27,0,0,Mr,D,0,adult
148,0,1,0,38,0,0,Mr,C,0,adult
919,0,3,0,33,0,0,Mr,F,0,adult
950,1,3,0,26,0,0,Mr,C,0,adult
624,0,3,1,6,4,2,Miss,D,6,child
833,0,3,1,43,1,6,Mrs,F,7,adult
1006,0,3,0,70.5,0,0,Mr,A,0,adult
288,0,1,0,61,0,0,Mr,D,0,adult
625,0,3,1,2,4,2,Miss,E,6,child
670,0,3,0,19,0,0,Mr,B,0,adult
463,0,2,0,24,2,0,Mr,C,2,adult
969,0,3,0,36,1,0,Mr,F,1,adult
960,0,3,0,32,0,0,Mr,F,0,adult
552,1,2,1,50,0,0,Miss,E,0,adult
695,0,3,0,19,0,0,Mr,C,0,adult
1066,0,3,0,21,0,0,Mr,F,0,adult
941,0,3,0,34.5,0,0,Mr,F,0,adult
