survived,pclass,sex,age,sibsp,parch,fare,embarked,title,deck,family_size,family_sizeC,Child
1,1,female,29,0,0,211.3375,S,Miss,B,0,Single,Adult
1,1,male,0.9167,1,2,151.55,S,Nobleman,C,3,Small,Child
0,1,female,2,1,2,151.55,S,Miss,C,3,Small,Child
0,1,male,30,1,2,151.55,S,Mr,C,3,Small,Adult
0,1,female,25,1,2,151.55,S,Mrs,C,3,Small,Adult
1,1,male,48,0,0,26.55,S,Mr,E,0,Single,Adult
1,1,female,63,1,0,77.9583,S,Miss,D,1,Single,Adult
0,1,male,39,0,0,0,S,Mr,A,0,Single,Adult
1,1,female,53,2,0,51.4792,S,Mrs,C,2,Small,Adult
0,1,male,71,0,0,49.5042,C,Mr,C,0,Single,Adult
0,1,male,47,1,0,227.525,C,Military,C,1,Single,Adult
1,1,female,18,1,0,227.525,C,Mrs,C,1,Single,Adult
1,1,female,24,0,0,69.3,C,Miss,B,0,Single,Adult
1,1,female,26,0,0,78.85,S,Miss,E,0,Single,Adult
1,1,male,80,0,0,30,S,Mr,A,0,Single,Adult
0,1,male,42,0,0,25.925,S,Mr,C,0,Single,Adult
0,1,male,24,0,1,247.5208,C,Mr,B,1,Single,Adult
1,1,female,50,0,1,247.5208,C,Mrs,B,1,Single,Adult
1,1,female,32,0,0,76.2917,C,Miss,D,0,Single,Adult
0,1,male,36,0,0,75.2417,C,Mr,C,0,Single,Adult
1,1,male,37,1,1,52.5542,S,Mr,D,2,Small,Adult
1,1,female,47,1,1,52.5542,S,Mrs,D,2,Small,Adult
1,1,male,26,0,0,30,C,Mr,C,0,Single,Adult
1,1,female,42,0,0,227.525,C,Miss,C,0,Single,Adult
1,1,female,29,0,0,221.7792,S,Miss,C,0,Single,Adult
0,1,male,25,0,0,26,C,Mr,C,0,Single,Adult
1,1,male,25,1,0,91.0792,C,Mr,B,1,Single,Adult
1,1,female,19,1,0,91.0792,C,Mrs,B,1,Single,Adult
1,1,female,35,0,0,135.6333,S,Miss,C,0,Single,Adult
1,1,male,28,0,0,26.55,S,Mr,C,0,Single,Adult
0,1,male,45,0,0,35.5,S,Mr,T,0,Single,Adult
1,1,male,40,0,0,31,C,Mr,A,0,Single,Adult
1,1,female,30,0,0,164.8667,S,Miss,C,0,Single,Adult
1,1,female,58,0,0,26.55,S,Miss,C,0,Single,Adult
0,1,male,42,0,0,26.55,S,Mr,D,0,Single,Adult
1,1,female,45,0,0,262.375,C,Miss,C,0,Single,Adult
1,1,female,22,0,1,55,S,Miss,E,1,Single,Adult
1,1,male,30,0,0,26.55,S,Mr,C,0,Single,Adult
0,1,male,41,0,0,30.5,S,Mr,A,0,Single,Adult
0,1,male,48,0,0,50.4958,C,Mr,B,0,Single,Adult
0,1,male,39,0,0,39.6,C,Dr,A,0,Single,Adult
1,1,female,44,0,0,27.7208,C,Mrs,B,0,Single,Adult
1,1,female,59,2,0,51.4792,S,Mrs,C,2,Small,Adult
1,1,female,60,0,0,76.2917,C,Mrs,D,0,Single,Adult
1,1,female,41,0,0,134.5,C,Miss,E,0,Single,Adult
0,1,male,45,0,0,26.55,S,Military,B,0,Single,Adult
0,1,male,29,0,0,31,S,Mr,E,0,Single,Adult
1,1,male,42,0,0,26.2875,S,Mr,E,0,Single,Adult
1,1,female,53,0,0,27.4458,C,Mrs,B,0,Single,Adult
1,1,male,36,0,1,512.3292,C,Mr,B,1,Single,Adult
1,1,female,58,0,1,512.3292,C,Mrs,B,1,Single,Adult
0,1,male,33,0,0,5,S,Mr,B,0,Single,Adult
0,1,male,28,0,0,47.1,S,Mr,C,0,Single,Adult
0,1,male,17,0,0,47.1,S,Mr,C,0,Single,Child
1,1,male,11,1,2,120,S,Nobleman,B,3,Small,Child
1,1,female,14,1,2,120,S,Miss,B,3,Small,Child
1,1,male,36,1,2,120,S,Mr,B,3,Small,Adult
1,1,female,36,1,2,120,S,Mrs,B,3,Small,Adult
0,1,male,49,0,0,26,S,Mr,C,0,Single,Adult
1,1,female,55,0,0,27.7208,C,Mrs,C,0,Single,Adult
0,1,male,36,1,0,78.85,S,Mr,C,1,Single,Adult
1,1,female,76,1,0,78.85,S,Mrs,C,1,Single,Adult
0,1,male,46,1,0,61.175,S,Mr,E,1,Single,Adult
1,1,female,47,1,0,61.175,S,Mrs,E,1,Single,Adult
1,1,male,27,1,0,53.1,S,Mr,E,1,Single,Adult
1,1,female,33,1,0,53.1,S,Mrs,E,1,Single,Adult
1,1,female,36,0,0,262.375,C,Miss,B,0,Single,Adult
1,1,female,30,0,0,86.5,S,Miss,B,0,Single,Adult
1,1,male,45,0,0,29.7,C,Mr,A,0,Single,Adult
1,1,female,45,0,1,55,S,Mrs,E,1,Single,Adult
0,1,male,52,0,0,0,S,Mr,A,0,Single,Adult
0,1,male,27,1,0,136.7792,C,Mr,C,1,Single,Adult
1,1,female,26,1,0,136.7792,C,Mrs,C,1,Single,Adult
1,1,female,22,0,0,151.55,S,Miss,D,0,Single,Adult
0,1,male,45,0,0,52,S,Mr,A,0,Single,Adult
0,1,male,47,0,0,25.5875,S,Mr,E,0,Single,Adult
1,1,female,39,1,1,83.1583,C,Miss,E,2,Small,Adult
0,1,male,37,1,1,83.1583,C,Mr,E,2,Small,Adult
1,1,female,64,0,2,83.1583,C,Mrs,E,2,Small,Adult
1,1,female,55,2,0,25.7,S,Mrs,C,2,Small,Adult
0,1,male,62,0,0,26.55,S,Mr,C,0,Single,Adult
0,1,male,70,1,1,71,S,Military,B,2,Small,Adult
1,1,female,36,0,2,71,S,Miss,B,2,Small,Adult
1,1,female,64,1,1,26.55,S,Mrs,B,2,Small,Adult
0,1,male,39,1,0,71.2833,C,Mr,C,1,Single,Adult
1,1,female,38,1,0,71.2833,C,Mrs,C,1,Single,Adult
1,1,male,51,0,0,26.55,S,Mr,E,0,Single,Adult
1,1,male,27,0,0,30.5,S,Mr,C,0,Single,Adult
1,1,female,33,0,0,151.55,S,Miss,B,0,Single,Adult
0,1,male,31,1,0,52,S,Mr,B,1,Single,Adult
1,1,female,27,1,2,52,S,Mrs,B,3,Small,Adult
1,1,male,31,1,0,57,S,Mr,B,1,Single,Adult
1,1,female,17,1,0,57,S,Mrs,B,1,Single,Child
1,1,male,53,1,1,81.8583,S,Dr,A,2,Small,Adult
1,1,male,4,0,2,81.8583,S,Nobleman,A,2,Small,Child
1,1,female,54,1,1,81.8583,S,Mrs,A,2,Small,Adult
0,1,male,50,1,0,106.425,C,Mr,C,1,Single,Adult
1,1,female,27,1,1,247.5208,C,Mrs,B,2,Small,Adult
1,1,female,48,1,0,106.425,C,Mrs,C,1,Single,Adult
1,1,female,48,1,0,39.6,C,Noblewoman,A,1,Single,Adult
1,1,male,49,1,0,56.9292,C,Nobleman,A,1,Single,Adult
0,1,male,39,0,0,29.7,C,Mr,A,0,Single,Adult
1,1,female,23,0,1,83.1583,C,Mrs,C,1,Single,Adult
1,1,female,38,0,0,227.525,C,Miss,C,0,Single,Adult
1,1,female,54,1,0,78.2667,C,Miss,D,1,Single,Adult
0,1,female,36,0,0,31.6792,C,Miss,A,0,Single,Adult
0,1,male,56,0,0,221.7792,S,Mr,C,0,Single,Adult
1,1,female,70,0,0,31.6833,S,Mrs,C,0,Single,Adult
1,1,female,41,0,0,110.8833,C,Miss,B,0,Single,Adult
1,1,male,36,0,0,26.3875,S,Mr,E,0,Single,Adult
0,1,male,30,0,0,27.75,C,Mr,C,0,Single,Adult
1,1,female,24,3,2,263,S,Miss,C,5,Large,Adult
1,1,female,28,3,2,263,S,Miss,C,5,Large,Adult
1,1,female,23,3,2,263,S,Miss,C,5,Large,Adult
0,1,male,19,3,2,263,S,Mr,C,5,Large,Adult
0,1,male,64,1,4,263,S,Mr,C,5,Large,Adult
1,1,female,60,1,4,263,S,Mrs,C,5,Large,Adult
1,1,female,30,0,0,56.9292,C,Miss,E,0,Single,Adult
0,1,male,42,0,0,26.55,S,Mr,D,0,Single,Adult
1,1,male,50,2,0,133.65,S,Dr,E,2,Small,Adult
1,1,male,43,1,0,27.7208,C,Mr,D,1,Single,Adult
1,1,female,39,1,0,133.65,S,Mrs,C,1,Single,Adult
1,1,female,22,0,2,49.5,C,Miss,B,2,Small,Adult
1,1,male,60,1,1,79.2,C,Mr,B,2,Small,Adult
1,1,female,48,1,1,79.2,C,Mrs,B,2,Small,Adult
0,1,male,40,0,0,0,S,Mr,B,0,Single,Adult
0,1,male,37,1,0,53.1,S,Mr,C,1,Single,Adult
1,1,female,35,1,0,53.1,S,Mrs,C,1,Single,Adult
0,1,male,47,0,0,38.5,S,Mr,E,0,Single,Adult
1,1,female,35,0,0,211.5,C,Miss,C,0,Single,Adult
1,1,female,22,0,1,59.4,C,Miss,B,1,Single,Adult
1,1,female,45,0,1,59.4,C,Mrs,D,1,Single,Adult
0,1,male,24,0,0,79.2,C,Mr,B,0,Single,Adult
1,1,male,49,1,0,89.1042,C,Mr,C,1,Single,Adult
1,1,female,50,1,0,89.1042,C,Mrs,C,1,Single,Adult
0,1,male,71,0,0,34.6542,C,Mr,A,0,Single,Adult
1,1,male,53,0,0,28.5,C,Military,C,0,Single,Adult
1,1,female,19,0,0,30,S,Miss,B,0,Single,Adult
0,1,male,38,0,1,153.4625,S,Mr,C,1,Single,Adult
1,1,female,58,0,1,153.4625,S,Mrs,C,1,Single,Adult
1,1,male,23,0,1,63.3583,C,Mr,D,1,Single,Adult
1,1,female,45,0,1,63.3583,C,Mrs,D,1,Single,Adult
0,1,male,46,0,0,79.2,C,Mr,B,0,Single,Adult
1,1,male,25,1,0,55.4417,C,Mr,E,1,Single,Adult
1,1,female,25,1,0,55.4417,C,Mrs,E,1,Single,Adult
1,1,male,48,1,0,76.7292,C,Mr,D,1,Single,Adult
1,1,female,49,1,0,76.7292,C,Mrs,D,1,Single,Adult
0,1,male,38,0,0,42.4,S,Mr,C,0,Single,Adult
0,1,male,45,1,0,83.475,S,Mr,C,1,Single,Adult
1,1,female,35,1,0,83.475,S,Mrs,C,1,Single,Adult
0,1,male,40,0,0,0,S,Mr,B,0,Single,Adult
1,1,male,27,0,0,76.7292,C,Mr,D,0,Single,Adult
1,1,male,34,0,0,30,S,Mr,D,0,Single,Adult
1,1,female,24,0,0,83.1583,C,Miss,C,0,Single,Adult
0,1,male,55,1,1,93.5,S,Mr,B,2,Small,Adult
1,1,female,52,1,1,93.5,S,Mrs,B,2,Small,Adult
0,1,male,42,0,0,42.5,S,Mr,B,0,Single,Adult
0,1,male,65,0,0,51.8625,S,Mr,E,0,Single,Adult
0,1,male,55,0,0,50,S,Mr,C,0,Single,Adult
1,1,female,16,0,1,57.9792,C,Miss,B,1,Single,Child
1,1,female,44,0,1,57.9792,C,Mrs,B,1,Single,Adult
1,1,female,51,1,0,77.9583,S,Mrs,D,1,Single,Adult
0,1,male,42,1,0,52,S,Mr,C,1,Single,Adult
1,1,female,35,1,0,52,S,Mrs,E,1,Single,Adult
1,1,male,35,0,0,26.55,C,Mr,E,0,Single,Adult
1,1,male,38,1,0,90,S,Mr,C,1,Single,Adult
0,1,male,35,0,0,30.6958,C,Mr,C,0,Single,Adult
1,1,female,35,1,0,90,S,Mrs,C,1,Single,Adult
1,1,female,38,0,0,80,,Miss,B,0,Single,Adult
0,1,female,50,0,0,28.7125,C,Miss,C,0,Single,Adult
1,1,male,49,0,0,0,S,Mr,B,0,Single,Adult
0,1,male,46,0,0,26,S,Mr,C,0,Single,Adult
0,1,male,50,0,0,26,S,Mr,E,0,Single,Adult
0,1,male,32.5,0,0,211.5,C,Mr,C,0,Single,Adult
0,1,male,58,0,0,29.7,C,Mr,B,0,Single,Adult
0,1,male,41,1,0,51.8625,S,Mr,D,1,Single,Adult
1,1,female,54,1,0,51.8625,S,Mrs,D,1,Single,Adult
1,1,male,42,1,0,52.5542,S,Mr,D,1,Single,Adult
1,1,female,45,1,0,52.5542,S,Mrs,D,1,Single,Adult
0,1,male,45.5,0,0,26.55,S,Mr,C,0,Single,Adult
1,1,female,39,0,0,211.3375,S,Miss,B,0,Single,Adult
1,1,female,49,0,0,25.9292,S,Dr,D,0,Single,Adult
1,1,female,30,0,0,106.425,C,Miss,C,0,Single,Adult
1,1,male,35,0,0,512.3292,C,Mr,B,0,Single,Adult
0,1,male,32,0,0,27.7208,C,Mr,E,0,Single,Adult
0,1,male,42,0,0,26.55,S,Mr,E,0,Single,Adult
1,1,female,55,0,0,27.7208,C,Mrs,C,0,Single,Adult
1,1,female,16,0,1,39.4,S,Miss,D,1,Single,Child
1,1,female,51,0,1,39.4,S,Mrs,D,1,Single,Adult
0,1,male,29,0,0,30,S,Mr,D,0,Single,Adult
1,1,female,21,0,0,77.9583,S,Miss,D,0,Single,Adult
0,1,male,30,0,0,45.5,S,Mr,C,0,Single,Adult
1,1,female,58,0,0,146.5208,C,Miss,B,0,Single,Adult
1,1,female,15,0,1,211.3375,S,Miss,B,1,Single,Child
0,1,male,30,0,0,26,S,Mr,C,0,Single,Adult
1,1,female,16,0,0,86.5,S,Miss,B,0,Single,Child
1,1,male,47,0,0,29.7,C,Mr,C,0,Single,Adult
0,1,male,19,1,0,53.1,S,Mr,D,1,Single,Adult
1,1,female,18,1,0,53.1,S,Mrs,D,1,Single,Adult
1,1,female,24,0,0,49.5042,C,Miss,C,0,Single,Adult
0,1,male,46,0,0,75.2417,C,Mr,C,0,Single,Adult
0,1,male,54,0,0,51.8625,S,Mr,E,0,Single,Adult
1,1,male,36,0,0,26.2875,S,Mr,E,0,Single,Adult
0,1,male,28,1,0,82.1708,C,Mr,C,1,Single,Adult
1,1,female,33,1,0,82.1708,C,Mrs,D,1,Single,Adult
0,1,male,65,0,0,26.55,S,Mr,E,0,Single,Adult
0,1,male,44,2,0,90,Q,Dr,C,2,Small,Adult
1,1,female,33,1,0,90,Q,Miss,C,1,Single,Adult
1,1,female,37,1,0,90,Q,Mrs,C,1,Single,Adult
1,1,male,30,1,0,57.75,C,Mr,C,1,Single,Adult
0,1,male,55,0,0,30.5,S,Mr,C,0,Single,Adult
0,1,male,47,0,0,42.4,S,Mr,C,0,Single,Adult
0,1,male,37,0,1,29.7,C,Mr,C,1,Single,Adult
1,1,female,31,1,0,113.275,C,Miss,D,1,Single,Adult
1,1,female,23,1,0,113.275,C,Miss,D,1,Single,Adult
0,1,male,58,0,2,113.275,C,Mr,D,2,Small,Adult
1,1,female,19,0,2,26.2833,S,Miss,D,2,Small,Adult
0,1,male,64,0,0,26,S,Mr,C,0,Single,Adult
1,1,female,39,0,0,108.9,C,Noblewoman,C,0,Single,Adult
1,1,male,46,0,0,25.7417,C,Mr,B,0,Single,Adult
1,1,female,22,0,1,61.9792,C,Miss,B,1,Single,Adult
0,1,male,65,0,1,61.9792,C,Mr,B,1,Single,Adult
0,1,male,28.5,0,0,27.7208,C,Mr,D,0,Single,Adult
0,1,male,52,0,0,0,S,Mr,C,0,Single,Adult
0,1,male,45.5,0,0,28.5,S,Mr,C,0,Single,Adult
0,1,male,23,0,0,93.5,S,Mr,B,0,Single,Adult
0,1,male,29,1,0,66.6,S,Mr,C,1,Single,Adult
1,1,female,22,1,0,66.6,S,Mrs,C,1,Single,Adult
0,1,male,18,1,0,108.9,C,Mr,C,1,Single,Adult
1,1,female,17,1,0,108.9,C,Mrs,C,1,Single,Child
1,1,female,30,0,0,93.5,S,Miss,B,0,Single,Adult
1,1,male,52,0,0,30.5,S,Military,C,0,Single,Adult
0,1,male,47,0,0,52,S,Mr,C,0,Single,Adult
1,1,female,56,0,1,83.1583,C,Mrs,C,1,Single,Adult
0,1,male,38,0,0,0,S,Nobleman,C,0,Single,Adult
1,1,male,61,0,0,39.6,S,Mr,B,0,Single,Adult
0,1,male,22,0,0,135.6333,C,Mr,C,0,Single,Adult
0,1,male,30,0,0,227.525,C,Mr,E,0,Single,Adult
1,1,female,43,0,1,211.3375,S,Mrs,B,1,Single,Adult
0,1,male,31,0,0,50.4958,S,Mr,A,0,Single,Adult
1,1,male,45,0,0,26.55,S,Mr,B,0,Single,Adult
0,1,male,34,0,0,50,S,Mr,A,0,Single,Adult
1,1,female,33,0,0,27.7208,C,Miss,A,0,Single,Adult
0,1,male,46,0,0,79.2,C,Mr,B,0,Single,Adult
0,1,male,36,0,0,40.125,C,Mr,A,0,Single,Adult
1,1,female,33,0,0,86.5,S,Noblewoman,B,0,Single,Adult
0,1,male,55,1,0,59.4,C,Mr,C,1,Single,Adult
1,1,female,54,1,0,59.4,C,Mrs,C,1,Single,Adult
0,1,male,33,0,0,26.55,S,Mr,B,0,Single,Adult
1,1,male,13,2,2,262.375,C,Nobleman,B,4,Small,Child
1,1,female,18,2,2,262.375,C,Miss,B,4,Small,Adult
1,1,female,21,2,2,262.375,C,Miss,B,4,Small,Adult
0,1,male,61,1,3,262.375,C,Mr,B,4,Small,Adult
1,1,female,48,1,3,262.375,C,Mrs,B,4,Small,Adult
1,1,male,80,0,0,30.5,S,Mr,C,0,Single,Adult
1,1,female,24,0,0,69.3,C,Miss,B,0,Single,Adult
1,1,male,28,0,0,26,S,Mr,C,0,Single,Adult
1,1,female,35,1,0,57.75,C,Mrs,C,1,Single,Adult
1,1,female,30,0,0,31,C,Miss,C,0,Single,Adult
1,1,male,34,0,0,26.55,S,Mr,E,0,Single,Adult
1,1,female,40,0,0,153.4625,S,Miss,C,0,Single,Adult
1,1,male,35,0,0,26.2875,S,Mr,E,0,Single,Adult
0,1,male,50,1,0,55.9,S,Mr,E,1,Single,Adult
1,1,female,39,1,0,55.9,S,Mrs,E,1,Single,Adult
1,1,male,56,0,0,35.5,C,Military,A,0,Single,Adult
1,1,male,28,0,0,35.5,S,Mr,A,0,Single,Adult
0,1,male,56,0,0,26.55,S,Mr,C,0,Single,Adult
0,1,male,56,0,0,30.6958,C,Mr,A,0,Single,Adult
0,1,male,24,1,0,60,S,Mr,C,1,Single,Adult
0,1,male,45,0,0,26,S,Mr,A,0,Single,Adult
1,1,female,18,1,0,60,S,Mrs,C,1,Single,Adult
1,1,male,24,1,0,82.2667,S,Mr,B,1,Single,Adult
1,1,female,23,1,0,82.2667,S,Mrs,B,1,Single,Adult
1,1,male,6,0,2,134.5,C,Nobleman,E,2,Small,Child
1,1,male,45,1,1,134.5,C,Mr,E,2,Small,Adult
1,1,female,40,1,1,134.5,C,Mrs,E,2,Small,Adult
0,1,male,57,1,0,146.5208,C,Mr,B,1,Single,Adult
1,1,female,48,1,0,146.5208,C,Mrs,B,1,Single,Adult
1,1,male,32,0,0,30.5,C,Dr,B,0,Single,Adult
0,1,male,62,0,0,26.55,S,Mr,C,0,Single,Adult
1,1,male,54,1,0,55.4417,C,Mr,C,1,Single,Adult
1,1,female,43,1,0,55.4417,C,Mrs,C,1,Single,Adult
1,1,female,52,1,0,78.2667,C,Mrs,D,1,Single,Adult
0,1,male,39,0,0,27.7208,C,Mr,B,0,Single,Adult
1,1,female,62,0,0,80,,Mrs,B,0,Single,Adult
0,1,male,67,1,0,221.7792,S,Mr,C,1,Single,Adult
0,1,female,63,1,0,221.7792,S,Mrs,C,1,Single,Adult
0,1,male,61,0,0,32.3208,S,Mr,D,0,Single,Adult
1,1,female,48,0,0,25.9292,S,Mrs,D,0,Single,Adult
1,1,female,18,0,2,79.65,S,Miss,E,2,Small,Adult
0,1,male,52,1,1,79.65,S,Mr,E,2,Small,Adult
1,1,female,39,1,1,79.65,S,Mrs,E,2,Small,Adult
1,1,male,48,1,0,52,S,Mr,C,1,Single,Adult
1,1,female,59,1,0,52,S,Mrs,C,1,Single,Adult
0,1,male,49,1,1,110.8833,C,Mr,C,2,Small,Adult
1,1,male,17,0,2,110.8833,C,Mr,C,2,Small,Child
1,1,female,39,1,1,110.8833,C,Mrs,C,2,Small,Adult
1,1,female,50,0,0,79.2,C,Mrs,E,0,Single,Adult
1,1,male,31,0,0,28.5375,C,Mr,C,0,Single,Adult
0,1,male,40,0,0,27.7208,C,Nobleman,B,0,Single,Adult
0,1,male,61,0,0,33.5,S,Mr,B,0,Single,Adult
0,1,male,47,0,0,34.0208,S,Mr,D,0,Single,Adult
1,1,female,35,0,0,512.3292,C,Miss,B,0,Single,Adult
0,1,male,64,1,0,75.25,C,Mr,D,1,Single,Adult
1,1,female,60,1,0,75.25,C,Mrs,D,1,Single,Adult
0,1,male,60,0,0,26.55,S,Military,B,0,Single,Adult
0,1,male,54,0,1,77.2875,S,Mr,D,1,Single,Adult
0,1,male,21,0,1,77.2875,S,Mr,D,1,Single,Adult
1,1,female,55,0,0,135.6333,C,Mrs,C,0,Single,Adult
1,1,female,31,0,2,164.8667,S,Miss,C,2,Small,Adult
0,1,male,57,1,1,164.8667,S,Mr,B,2,Small,Adult
1,1,female,45,1,1,164.8667,S,Mrs,B,2,Small,Adult
0,1,male,50,1,1,211.5,C,Mr,C,2,Small,Adult
0,1,male,27,0,2,211.5,C,Mr,C,2,Small,Adult
1,1,female,50,1,1,211.5,C,Mrs,C,2,Small,Adult
1,1,female,21,0,0,26.55,S,Miss,B,0,Single,Adult
0,1,male,51,0,1,61.3792,C,Mr,B,1,Single,Adult
1,1,male,21,0,1,61.3792,C,Mr,E,1,Single,Adult
0,1,male,55,0,0,35,S,Mr,C,0,Single,Adult
1,1,female,31,0,0,134.5,C,Miss,E,0,Single,Adult
1,1,male,48,0,0,35.5,S,Mr,C,0,Single,Adult
0,1,male,62,0,0,26.55,S,Mr,C,0,Single,Adult
1,1,female,36,0,0,135.6333,C,Miss,C,0,Single,Adult
0,2,male,30,1,0,24,C,Mr,D,1,Single,Adult
1,2,female,28,1,0,24,C,Mrs,D,1,Single,Adult
0,2,male,30,0,0,13,S,Mr,F,0,Single,Adult
0,2,male,18,0,0,11.5,S,Mr,F,0,Single,Adult
0,2,male,25,0,0,10.5,S,Mr,F,0,Single,Adult
0,2,male,34,1,0,26,S,Mr,C,1,Single,Adult
1,2,female,36,1,0,26,S,Mrs,E,1,Single,Adult
0,2,male,57,0,0,13,S,Mr,C,0,Single,Adult
0,2,male,18,0,0,11.5,S,Mr,F,0,Single,Adult
0,2,male,23,0,0,10.5,S,Mr,E,0,Single,Adult
1,2,female,36,0,0,13,S,Mrs,D,0,Single,Adult
0,2,male,28,0,0,10.5,S,Mr,C,0,Single,Adult
0,2,male,51,0,0,12.525,S,Rev,B,0,Single,Adult
1,2,male,32,1,0,26,S,Mr,D,1,Single,Adult
1,2,female,19,1,0,26,S,Mrs,E,1,Single,Adult
0,2,male,28,0,0,26,S,Mr,E,0,Single,Adult
1,2,male,1,2,1,39,S,Nobleman,F,3,Small,Child
1,2,female,4,2,1,39,S,Miss,F,3,Small,Child
1,2,female,12,2,1,39,S,Miss,F,3,Small,Child
1,2,female,36,0,3,39,S,Mrs,F,3,Small,Adult
1,2,male,34,0,0,13,S,Mr,D,0,Single,Adult
1,2,female,19,0,0,13,S,Miss,E,0,Single,Adult
0,2,male,23,0,0,13,S,Mr,B,0,Single,Adult
0,2,male,26,0,0,13,S,Mr,E,0,Single,Adult
0,2,male,42,0,0,13,S,Mr,B,0,Single,Adult
0,2,male,27,0,0,13,S,Mr,F,0,Single,Adult
1,2,female,24,0,0,13,S,Miss,F,0,Single,Adult
1,2,female,15,0,2,39,S,Miss,E,2,Small,Child
0,2,male,60,1,1,39,S,Mr,F,2,Small,Adult
1,2,female,40,1,1,39,S,Mrs,B,2,Small,Adult
1,2,female,20,1,0,26,S,Miss,F,1,Single,Adult
0,2,male,25,1,0,26,S,Mr,F,1,Single,Adult
1,2,female,36,0,0,13,S,Miss,C,0,Single,Adult
0,2,male,25,0,0,13,S,Mr,B,0,Single,Adult
0,2,male,42,0,0,13,S,Rev,F,0,Single,Adult
1,2,female,42,0,0,13,S,Mrs,D,0,Single,Adult
1,2,male,0.8333,0,2,29,S,Nobleman,F,2,Small,Child
1,2,male,26,1,1,29,S,Mr,E,2,Small,Adult
1,2,female,22,1,1,29,S,Mrs,C,2,Small,Adult
1,2,female,35,0,0,21,S,Miss,F,0,Single,Adult
0,2,male,36,0,0,0,S,Mr,C,0,Single,Adult
0,2,male,19,0,0,13,S,Mr,A,0,Single,Adult
0,2,female,44,1,0,26,S,Mrs,A,1,Single,Adult
0,2,male,54,1,0,26,S,Rev,D,1,Single,Adult
0,2,male,52,0,0,13.5,S,Mr,E,0,Single,Adult
0,2,male,37,1,0,26,S,Mr,D,1,Single,Adult
0,2,female,29,1,0,26,S,Mrs,E,1,Single,Adult
1,2,female,25,1,1,30,S,Miss,D,2,Small,Adult
1,2,female,45,0,2,30,S,Mrs,F,2,Small,Adult
0,2,male,29,1,0,26,S,Mr,B,1,Single,Adult
1,2,female,28,1,0,26,S,Mrs,E,1,Single,Adult
0,2,male,29,0,0,10.5,S,Mr,F,0,Single,Adult
0,2,male,28,0,0,13,S,Mr,D,0,Single,Adult
1,2,male,24,0,0,10.5,S,Mr,F,0,Single,Adult
1,2,female,8,0,2,26.25,S,Miss,F,2,Small,Child
0,2,male,31,1,1,26.25,S,Mr,F,2,Small,Adult
1,2,female,31,1,1,26.25,S,Mrs,C,2,Small,Adult
1,2,female,22,0,0,10.5,S,Mrs,F,0,Single,Adult
0,2,female,30,0,0,13,S,Mrs,D,0,Single,Adult
0,2,female,31,0,0,21,S,Mrs,C,0,Single,Adult
0,2,male,21,0,0,11.5,S,Mr,D,0,Single,Adult
0,2,male,51,0,0,0,S,Mr,C,0,Single,Adult
1,2,male,8,1,1,36.75,S,Nobleman,F,2,Small,Child
0,2,male,18,0,0,73.5,S,Mr,F,0,Single,Adult
1,2,female,48,0,2,36.75,S,Mrs,E,2,Small,Adult
1,2,female,28,0,0,13,S,Miss,E,0,Single,Adult
0,2,male,32,0,0,13,S,Mr,F,0,Single,Adult
0,2,male,17,0,0,73.5,S,Mr,D,0,Single,Child
0,2,male,29,1,0,27.7208,C,Mr,D,1,Single,Adult
1,2,female,24,1,0,27.7208,C,Mrs,C,1,Single,Adult
0,2,male,25,0,0,31.5,S,Mr,F,0,Single,Adult
0,2,male,18,0,0,73.5,S,Mr,F,0,Single,Adult
1,2,female,18,0,1,23,S,Miss,B,1,Single,Adult
1,2,female,34,0,1,23,S,Mrs,F,1,Single,Adult
0,2,male,54,0,0,26,S,Mr,C,0,Single,Adult
1,2,male,8,0,2,32.5,S,Nobleman,E,2,Small,Child
0,2,male,42,1,1,32.5,S,Mr,B,2,Small,Adult
1,2,female,34,1,1,32.5,S,Mrs,F,2,Small,Adult
1,2,female,27,1,0,13.8583,C,Miss,B,1,Single,Adult
1,2,female,30,1,0,13.8583,C,Miss,D,1,Single,Adult
0,2,male,23,0,0,13,S,Mr,F,0,Single,Adult
0,2,male,21,0,0,13,S,Mr,F,0,Single,Adult
0,2,male,18,0,0,13,S,Mr,F,0,Single,Adult
0,2,male,40,1,0,26,S,Mr,F,1,Single,Adult
1,2,female,29,1,0,26,S,Mrs,E,1,Single,Adult
0,2,male,18,0,0,10.5,S,Mr,F,0,Single,Adult
0,2,male,36,0,0,13,S,Mr,D,0,Single,Adult
0,2,male,24,0,0,0,S,Mr,F,0,Single,Adult
0,2,female,38,0,0,13,S,Miss,D,0,Single,Adult
0,2,male,35,0,0,26,S,Mr,D,0,Single,Adult
0,2,male,38,1,0,21,S,Mr,C,1,Single,Adult
0,2,male,34,1,0,21,S,Mr,C,1,Single,Adult
1,2,female,34,0,0,13,S,Miss,E,0,Single,Adult
0,2,male,16,0,0,26,S,Mr,D,0,Single,Child
0,2,male,26,0,0,10.5,S,Mr,F,0,Single,Adult
0,2,male,47,0,0,10.5,S,Mr,F,0,Single,Adult
0,2,male,21,1,0,11.5,S,Mr,F,1,Single,Adult
0,2,male,21,1,0,11.5,S,Mr,C,1,Single,Adult
0,2,male,24,0,0,13.5,S,Mr,F,0,Single,Adult
0,2,male,24,0,0,13,S,Mr,C,0,Single,Adult
0,2,male,34,0,0,13,S,Mr,F,0,Single,Adult
0,2,male,30,0,0,13,S,Mr,C,0,Single,Adult
0,2,male,52,0,0,13,S,Mr,C,0,Single,Adult
0,2,male,30,0,0,13,S,Mr,F,0,Single,Adult
1,2,male,0.6667,1,1,14.5,S,Nobleman,F,2,Small,Child
1,2,female,24,0,2,14.5,S,Mrs,C,2,Small,Adult
0,2,male,44,0,0,13,S,Mr,D,0,Single,Adult
1,2,female,6,0,1,33,S,Miss,F,1,Single,Child
0,2,male,28,0,1,33,S,Rev,C,1,Single,Adult
1,2,male,62,0,0,10.5,S,Mr,D,0,Single,Adult
0,2,male,30,0,0,10.5,S,Mr,B,0,Single,Adult
1,2,female,7,0,2,26.25,S,Miss,F,2,Small,Child
0,2,male,43,1,1,26.25,S,Mr,C,2,Small,Adult
1,2,female,45,1,1,26.25,S,Mrs,E,2,Small,Adult
1,2,female,24,1,2,65,S,Miss,E,3,Small,Adult
1,2,female,24,1,2,65,S,Miss,D,3,Small,Adult
0,2,male,49,1,2,65,S,Mr,C,3,Small,Adult
1,2,female,48,1,2,65,S,Mrs,B,3,Small,Adult
1,2,female,55,0,0,16,S,Mrs,C,0,Single,Adult
0,2,male,24,2,0,73.5,S,Mr,C,2,Small,Adult
0,2,male,32,2,0,73.5,S,Mr,C,2,Small,Adult
0,2,male,21,2,0,73.5,S,Mr,D,2,Small,Adult
0,2,female,18,1,1,13,S,Miss,F,2,Small,Adult
1,2,female,20,2,1,23,S,Miss,F,3,Small,Adult
0,2,male,23,2,1,11.5,S,Mr,F,3,Small,Adult
0,2,male,36,0,0,13,S,Mr,E,0,Single,Adult
1,2,female,54,1,3,23,S,Mrs,E,4,Small,Adult
0,2,male,50,0,0,13,S,Mr,A,0,Single,Adult
0,2,male,44,1,0,26,S,Mr,B,1,Single,Adult
1,2,female,29,1,0,26,S,Mrs,A,1,Single,Adult
0,2,male,21,0,0,73.5,S,Mr,F,0,Single,Adult
1,2,male,42,0,0,13,S,Mr,B,0,Single,Adult
0,2,male,63,1,0,26,S,Mr,C,1,Single,Adult
0,2,female,60,1,0,26,S,Mrs,E,1,Single,Adult
0,2,male,33,0,0,12.275,S,Mr,B,0,Single,Adult
1,2,female,17,0,0,10.5,S,Miss,C,0,Single,Child
0,2,male,42,1,0,27,S,Mr,D,1,Single,Adult
1,2,female,24,2,1,27,S,Mrs,B,3,Small,Adult
0,2,male,47,0,0,15,S,Mr,E,0,Single,Adult
0,2,male,24,2,0,31.5,S,Mr,C,2,Small,Adult
0,2,male,22,2,0,31.5,S,Mr,C,2,Small,Adult
0,2,male,32,0,0,10.5,S,Mr,D,0,Single,Adult
1,2,female,23,0,0,13.7917,C,Mrs,D,0,Single,Adult
0,2,male,34,1,0,26,S,Mr,B,1,Single,Adult
1,2,female,24,1,0,26,S,Mrs,C,1,Single,Adult
0,2,female,22,0,0,21,S,Mrs,C,0,Single,Adult
1,2,female,16,0,0,12.35,Q,Miss,E,0,Single,Child
0,2,male,35,0,0,12.35,Q,Mr,B,0,Single,Adult
1,2,female,45,0,0,13.5,S,Mrs,C,0,Single,Adult
0,2,male,57,0,0,12.35,Q,Rev,B,0,Single,Adult
0,2,male,47,0,0,0,S,Mr,C,0,Single,Adult
0,2,male,31,0,0,10.5,S,Mr,D,0,Single,Adult
0,2,female,26,1,1,26,S,Mrs,C,2,Small,Adult
0,2,male,30,1,1,26,S,Rev,E,2,Small,Adult
0,2,male,20,0,0,10.7083,Q,Mr,C,0,Single,Adult
1,2,female,1,1,2,41.5792,C,Miss,C,3,Small,Child
1,2,female,3,1,2,41.5792,C,Miss,F,3,Small,Child
0,2,male,25,1,2,41.5792,C,Mr,E,3,Small,Adult
1,2,female,22,1,2,41.5792,C,Mrs,D,3,Small,Adult
1,2,female,17,0,0,12,C,Miss,D,0,Single,Child
1,2,female,30,0,0,33,S,Miss,E,0,Single,Adult
1,2,female,34,0,0,10.5,S,Mrs,F,0,Single,Adult
0,2,male,36,0,0,12.875,C,Mr,D,0,Single,Adult
0,2,male,24,0,0,10.5,S,Mr,E,0,Single,Adult
0,2,male,61,0,0,12.35,Q,Mr,D,0,Single,Adult
0,2,male,50,1,0,26,S,Mr,E,1,Single,Adult
1,2,female,42,1,0,26,S,Mrs,F,1,Single,Adult
0,2,female,57,0,0,10.5,S,Mrs,E,0,Single,Adult
0,2,male,27,0,0,15.0458,C,Mr,D,0,Single,Adult
1,2,male,1,0,2,37.0042,C,Nobleman,A,2,Small,Child
0,2,male,31,1,1,37.0042,C,Mr,C,2,Small,Adult
1,2,female,24,1,1,37.0042,C,Mrs,D,2,Small,Adult
0,2,male,22,0,0,15.5792,C,Mr,F,0,Single,Adult
0,2,male,30,0,0,13,S,Mr,C,0,Single,Adult
0,2,male,40,0,0,16,S,Mr,T,0,Single,Adult
0,2,male,32,0,0,13.5,S,Mr,A,0,Single,Adult
0,2,male,30,0,0,13,S,Mr,F,0,Single,Adult
0,2,male,46,0,0,26,S,Mr,C,0,Single,Adult
1,2,female,13,0,1,19.5,S,Miss,A,1,Single,Child
1,2,female,41,0,1,19.5,S,Mrs,E,1,Single,Adult
1,2,male,19,0,0,10.5,S,Mr,F,0,Single,Adult
0,2,male,39,0,0,13,S,Mr,F,0,Single,Adult
0,2,male,48,0,0,13,S,Mr,C,0,Single,Adult
0,2,male,70,0,0,10.5,S,Mr,C,0,Single,Adult
0,2,male,27,0,0,13,S,Rev,C,0,Single,Adult
0,2,male,54,0,0,14,S,Dr,A,0,Single,Adult
0,2,male,39,0,0,26,S,Mr,C,0,Single,Adult
0,2,male,16,0,0,10.5,S,Mr,F,0,Single,Child
0,2,male,62,0,0,9.6875,Q,Mr,D,0,Single,Adult
0,2,male,32.5,1,0,30.0708,C,Mr,B,1,Single,Adult
1,2,female,14,1,0,30.0708,C,Mrs,C,1,Single,Child
1,2,male,2,1,1,26,S,Nobleman,F,2,Small,Child
1,2,male,3,1,1,26,S,Nobleman,F,2,Small,Child
0,2,male,36.5,0,2,26,S,Mr,F,2,Small,Adult
0,2,male,26,0,0,13,S,Mr,F,0,Single,Adult
0,2,male,19,1,1,36.75,S,Mr,F,2,Small,Adult
0,2,male,28,0,0,13.5,S,Mr,D,0,Single,Adult
1,2,male,20,0,0,13.8625,C,Mr,D,0,Single,Adult
1,2,female,29,0,0,10.5,S,Mrs,F,0,Single,Adult
0,2,male,39,0,0,13,S,Mr,D,0,Single,Adult
1,2,male,22,0,0,10.5,S,Mr,F,0,Single,Adult
1,2,male,29,0,0,13.8625,C,Mr,B,0,Single,Adult
0,2,male,23,0,0,10.5,S,Dr,F,0,Single,Adult
1,2,male,29,0,0,13.8583,C,Mr,D,0,Single,Adult
0,2,male,28,0,0,10.5,S,Mr,F,0,Single,Adult
0,2,male,30,0,0,0,S,Mr,A,0,Single,Adult
1,2,female,50,0,1,26,S,Mrs,E,1,Single,Adult
0,2,male,19,0,0,10.5,S,Mr,C,0,Single,Adult
0,2,male,36,0,0,15.05,C,Mr,E,0,Single,Adult
0,2,male,41,0,0,13,S,Rev,A,0,Single,Adult
1,2,female,21,0,1,21,S,Miss,F,1,Single,Adult
1,2,female,19,0,0,26,S,Miss,F,0,Single,Adult
0,2,male,43,0,1,21,S,Mr,E,1,Single,Adult
1,2,female,32,0,0,13,S,Mrs,E,0,Single,Adult
0,2,male,34,0,0,13,S,Mr,C,0,Single,Adult
1,2,male,30,0,0,12.7375,C,Mr,D,0,Single,Adult
0,2,male,27,0,0,15.0333,C,Mr,G,0,Single,Adult
1,2,female,2,1,1,26,S,Miss,E,2,Small,Child
1,2,female,8,1,1,26,S,Miss,B,2,Small,Child
1,2,female,33,0,2,26,S,Mrs,D,2,Small,Adult
0,2,male,36,0,0,10.5,S,Mr,D,0,Single,Adult
0,2,male,34,1,0,21,S,Mr,C,1,Single,Adult
1,2,female,30,3,0,21,S,Mrs,F,3,Small,Adult
1,2,female,28,0,0,13,S,Miss,B,0,Single,Adult
0,2,male,23,0,0,15.0458,C,Mr,D,0,Single,Adult
1,2,male,0.8333,1,1,18.75,S,Nobleman,F,2,Small,Child
1,2,male,3,1,1,18.75,S,Nobleman,F,2,Small,Child
1,2,female,24,2,3,18.75,S,Mrs,F,5,Large,Adult
1,2,female,50,0,0,10.5,S,Miss,E,0,Single,Adult
0,2,male,19,0,0,10.5,S,Mr,F,0,Single,Adult
1,2,female,21,0,0,10.5,S,Miss,E,0,Single,Adult
0,2,male,26,0,0,13,S,Mr,D,0,Single,Adult
0,2,male,25,0,0,13,S,Mr,F,0,Single,Adult
0,2,male,27,0,0,26,S,Mr,C,0,Single,Adult
1,2,female,25,0,1,26,S,Mrs,D,1,Single,Adult
1,2,female,18,0,2,13,S,Miss,F,2,Small,Adult
1,2,female,20,0,0,36.75,S,Miss,D,0,Single,Adult
1,2,female,30,0,0,13,S,Miss,C,0,Single,Adult
0,2,male,59,0,0,13.5,S,Mr,F,0,Single,Adult
1,2,female,30,0,0,12.35,Q,Miss,D,0,Single,Adult
0,2,male,35,0,0,10.5,S,Mr,B,0,Single,Adult
1,2,female,40,0,0,13,S,Miss,F,0,Single,Adult
0,2,male,25,0,0,13,S,Mr,F,0,Single,Adult
0,2,male,41,0,0,15.0458,C,Mr,C,0,Single,Adult
0,2,male,25,0,0,10.5,S,Mr,A,0,Single,Adult
0,2,male,18.5,0,0,13,S,Mr,F,0,Single,Adult
0,2,male,14,0,0,65,S,Mr,F,0,Single,Child
1,2,female,50,0,0,10.5,S,Miss,D,0,Single,Adult
0,2,male,23,0,0,13,S,Mr,F,0,Single,Adult
1,2,female,28,0,0,12.65,S,Mrs,D,0,Single,Adult
1,2,female,27,0,0,10.5,S,Miss,E,0,Single,Adult
0,2,male,29,1,0,21,S,Mr,D,1,Single,Adult
0,2,female,27,1,0,21,S,Mrs,E,1,Single,Adult
0,2,male,40,0,0,13,S,Mr,C,0,Single,Adult
1,2,female,31,0,0,21,S,Miss,E,0,Single,Adult
0,2,male,30,1,0,21,S,Mr,D,1,Single,Adult
0,2,male,23,1,0,10.5,S,Mr,C,1,Single,Adult
1,2,female,31,0,0,21,S,Mrs,D,0,Single,Adult
0,2,male,36,0,0,0,S,Mr,D,0,Single,Adult
1,2,female,12,0,0,15.75,S,Miss,B,0,Single,Child
1,2,female,40,0,0,15.75,S,Mrs,F,0,Single,Adult
1,2,female,32.5,0,0,13,S,Miss,E,0,Single,Adult
0,2,male,27,1,0,26,S,Mr,E,1,Single,Adult
1,2,female,29,1,0,26,S,Mrs,E,1,Single,Adult
1,2,male,2,1,1,23,S,Nobleman,F,2,Small,Child
1,2,female,4,1,1,23,S,Miss,F,2,Small,Child
1,2,female,29,0,2,23,S,Mrs,F,2,Small,Adult
1,2,female,0.9167,1,2,27.75,S,Miss,C,3,Small,Child
1,2,female,5,1,2,27.75,S,Miss,F,3,Small,Child
0,2,male,36,1,2,27.75,S,Mr,F,3,Small,Adult
1,2,female,33,1,2,27.75,S,Mrs,C,3,Small,Adult
0,2,male,66,0,0,10.5,S,Mr,C,0,Single,Adult
0,2,male,33,0,0,12.875,S,Mr,D,0,Single,Adult
1,2,male,31,0,0,13,S,Mr,E,0,Single,Adult
1,2,male,54,0,0,13,S,Mr,C,0,Single,Adult
1,2,female,26,0,0,13.5,S,Miss,E,0,Single,Adult
0,2,female,24,0,0,13,S,Miss,E,0,Single,Adult
0,3,male,42,0,0,7.55,S,Mr,F,0,Single,Adult
0,3,male,13,0,2,20.25,S,Nobleman,G,2,Small,Child
0,3,male,16,1,1,20.25,S,Mr,F,2,Small,Child
1,3,female,35,1,1,20.25,S,Mrs,C,2,Small,Adult
1,3,female,16,0,0,7.65,S,Miss,C,0,Single,Child
1,3,male,25,0,0,7.65,S,Mr,F,0,Single,Adult
1,3,male,20,0,0,7.925,S,Mr,F,0,Single,Adult
1,3,female,18,0,0,7.2292,C,Mrs,C,0,Single,Adult
0,3,male,30,0,0,7.25,S,Mr,C,0,Single,Adult
0,3,male,26,0,0,8.05,S,Mr,F,0,Single,Adult
0,3,female,40,1,0,9.475,S,Mrs,C,1,Single,Adult
1,3,male,0.8333,0,1,9.35,S,Nobleman,B,1,Single,Child
1,3,female,18,0,1,9.35,S,Mrs,E,1,Single,Adult
1,3,male,26,0,0,18.7875,C,Mr,C,0,Single,Adult
0,3,male,26,0,0,7.8875,S,Mr,C,0,Single,Adult
0,3,male,20,0,0,7.925,S,Mr,D,0,Single,Adult
0,3,male,24,0,0,7.05,S,Mr,F,0,Single,Adult
0,3,male,25,0,0,7.05,S,Mr,F,0,Single,Adult
0,3,male,35,0,0,8.05,S,Mr,E,0,Single,Adult
0,3,male,18,0,0,8.3,S,Mr,D,0,Single,Adult
0,3,male,32,0,0,22.525,S,Mr,C,0,Single,Adult
1,3,female,19,1,0,7.8542,S,Miss,B,1,Single,Adult
0,3,male,4,4,2,31.275,S,Nobleman,C,6,Large,Child
0,3,female,6,4,2,31.275,S,Miss,D,6,Large,Child
0,3,female,2,4,2,31.275,S,Miss,E,6,Large,Child
1,3,female,17,4,2,7.925,S,Miss,A,6,Large,Child
0,3,female,38,4,2,7.775,S,Miss,C,6,Large,Adult
0,3,female,9,4,2,31.275,S,Miss,C,6,Large,Child
0,3,female,11,4,2,31.275,S,Miss,D,6,Large,Child
0,3,male,39,1,5,31.275,S,Mr,D,6,Large,Adult
1,3,male,27,0,0,7.7958,S,Mr,C,0,Single,Adult
0,3,male,26,0,0,7.775,S,Mr,F,0,Single,Adult
0,3,female,39,1,5,31.275,S,Mrs,D,6,Large,Adult
0,3,male,20,0,0,7.8542,S,Mr,D,0,Single,Adult
0,3,male,26,0,0,7.8958,S,Mr,F,0,Single,Adult
0,3,male,25,1,0,17.8,S,Mr,F,1,Single,Adult
0,3,female,18,1,0,17.8,S,Mrs,C,1,Single,Adult
0,3,male,24,0,0,7.775,S,Mr,B,0,Single,Adult
0,3,male,35,0,0,7.05,S,Mr,F,0,Single,Adult
0,3,male,5,4,2,31.3875,S,Nobleman,C,6,Large,Child
0,3,male,9,4,2,31.3875,S,Nobleman,C,6,Large,Child
1,3,male,3,4,2,31.3875,S,Nobleman,T,6,Large,Child
0,3,male,13,4,2,31.3875,S,Nobleman,B,6,Large,Child
1,3,female,5,4,2,31.3875,S,Miss,B,6,Large,Child
0,3,male,40,1,5,31.3875,S,Mr,G,6,Large,Adult
1,3,male,23,0,0,7.7958,S,Mr,F,0,Single,Adult
1,3,female,38,1,5,31.3875,S,Mrs,B,6,Large,Adult
1,3,female,45,0,0,7.225,C,Mrs,B,0,Single,Adult
0,3,male,21,0,0,7.225,C,Mr,D,0,Single,Adult
0,3,male,23,0,0,7.05,S,Mr,B,0,Single,Adult
0,3,female,17,0,0,14.4583,C,Miss,B,0,Single,Child
0,3,male,30,0,0,7.225,C,Mr,F,0,Single,Adult
0,3,male,23,0,0,7.8542,S,Mr,F,0,Single,Adult
1,3,female,13,0,0,7.2292,C,Miss,F,0,Single,Child
0,3,male,20,0,0,7.225,C,Mr,C,0,Single,Adult
0,3,male,32,1,0,15.85,S,Mr,C,1,Single,Adult
1,3,female,33,3,0,15.85,S,Mrs,C,3,Small,Adult
1,3,female,0.75,2,1,19.2583,C,Miss,B,3,Small,Child
1,3,female,0.75,2,1,19.2583,C,Miss,F,3,Small,Child
1,3,female,5,2,1,19.2583,C,Miss,D,3,Small,Child
1,3,female,24,0,3,19.2583,C,Mrs,E,3,Small,Adult
1,3,female,18,0,0,8.05,S,Miss,D,0,Single,Adult
0,3,male,40,0,0,7.225,C,Mr,F,0,Single,Adult
0,3,male,26,0,0,7.8958,S,Mr,F,0,Single,Adult
1,3,male,20,0,0,7.2292,C,Mr,C,0,Single,Adult
0,3,female,18,0,1,14.4542,C,Miss,E,1,Single,Adult
0,3,female,45,0,1,14.4542,C,Mrs,F,1,Single,Adult
0,3,female,27,0,0,7.8792,Q,Miss,C,0,Single,Adult
0,3,male,22,0,0,8.05,S,Mr,B,0,Single,Adult
0,3,male,19,0,0,8.05,S,Mr,B,0,Single,Adult
0,3,male,26,0,0,7.775,S,Mr,E,0,Single,Adult
0,3,male,22,0,0,9.35,S,Mr,E,0,Single,Adult
0,3,male,40,0,0,7.2292,C,Nobleman,E,0,Single,Adult
0,3,male,20,0,0,4.0125,C,Mr,D,0,Single,Adult
1,3,male,32,0,0,56.4958,S,Mr,E,0,Single,Adult
0,3,male,21,0,0,7.775,S,Mr,F,0,Single,Adult
0,3,male,18,0,0,7.75,S,Mr,F,0,Single,Adult
0,3,male,26,0,0,7.8958,S,Mr,F,0,Single,Adult
0,3,male,6,1,1,15.2458,C,Nobleman,C,2,Small,Child
0,3,female,9,1,1,15.2458,C,Miss,G,2,Small,Child
0,3,male,23,0,0,7.225,C,Mr,F,0,Single,Adult
0,3,female,45,0,2,15.2458,C,Mrs,G,2,Small,Adult
0,3,female,26,0,2,7.75,Q,Miss,D,2,Small,Adult
0,3,male,40,1,1,15.5,Q,Mr,D,2,Small,Adult
0,3,female,32,1,1,15.5,Q,Mrs,D,2,Small,Adult
0,3,male,21,0,0,16.1,S,Mr,E,0,Single,Adult
1,3,female,22,0,0,7.725,Q,Miss,D,0,Single,Adult
0,3,female,20,0,0,7.8542,S,Miss,F,0,Single,Adult
0,3,male,29,1,0,7.0458,S,Mr,D,1,Single,Adult
0,3,male,22,1,0,7.25,S,Mr,B,1,Single,Adult
0,3,male,22,0,0,7.7958,S,Mr,F,0,Single,Adult
0,3,male,35,0,0,8.05,S,Mr,E,0,Single,Adult
0,3,female,18.5,0,0,7.2833,Q,Miss,F,0,Single,Adult
1,3,male,21,0,0,7.8208,Q,Mr,F,0,Single,Adult
0,3,male,19,0,0,6.75,Q,Mr,C,0,Single,Adult
0,3,female,18,0,0,7.8792,Q,Miss,G,0,Single,Adult
0,3,female,21,0,0,8.6625,S,Miss,E,0,Single,Adult
0,3,female,30,0,0,8.6625,S,Miss,C,0,Single,Adult
0,3,male,18,0,0,8.6625,S,Mr,F,0,Single,Adult
0,3,male,38,0,0,8.6625,S,Mr,F,0,Single,Adult
0,3,male,17,0,0,8.6625,S,Mr,D,0,Single,Child
0,3,male,17,0,0,8.6625,S,Mr,D,0,Single,Child
0,3,female,21,0,0,7.75,Q,Miss,B,0,Single,Adult
0,3,male,21,0,0,7.75,Q,Mr,C,0,Single,Adult
0,3,male,21,0,0,8.05,S,Mr,D,0,Single,Adult
0,3,male,17,1,0,14.4583,C,Mr,F,1,Single,Child
0,3,female,43,1,0,14.4583,C,Mrs,D,1,Single,Adult
0,3,male,28,0,0,7.7958,S,Mr,C,0,Single,Adult
0,3,male,24,0,0,7.8542,S,Mr,D,0,Single,Adult
1,3,female,16,0,0,7.75,Q,Miss,E,0,Single,Child
0,3,female,37,0,0,7.75,Q,Miss,F,0,Single,Adult
0,3,male,28,0,0,7.25,S,Mr,F,0,Single,Adult
0,3,male,24,0,0,8.05,S,Mr,C,0,Single,Adult
0,3,male,21,0,0,7.7333,Q,Mr,D,0,Single,Adult
1,3,male,32,0,0,56.4958,S,Mr,D,0,Single,Adult
0,3,male,29,0,0,8.05,S,Mr,D,0,Single,Adult
0,3,male,26,1,0,14.4542,C,Mr,B,1,Single,Adult
0,3,male,18,1,0,14.4542,C,Mr,C,1,Single,Adult
0,3,male,20,0,0,7.05,S,Mr,F,0,Single,Adult
1,3,male,18,0,0,8.05,S,Mr,F,0,Single,Adult
0,3,male,24,0,0,7.25,Q,Mr,C,0,Single,Adult
0,3,male,36,0,0,7.4958,S,Mr,F,0,Single,Adult
0,3,male,24,0,0,7.4958,S,Mr,B,0,Single,Adult
0,3,male,31,0,0,7.7333,Q,Mr,F,0,Single,Adult
0,3,male,31,0,0,7.75,Q,Mr,F,0,Single,Adult
1,3,female,22,0,0,7.75,Q,Miss,B,0,Single,Adult
0,3,female,30,0,0,7.6292,Q,Miss,C,0,Single,Adult
0,3,male,70.5,0,0,7.75,Q,Mr,D,0,Single,Adult
0,3,male,43,0,0,8.05,S,Mr,F,0,Single,Adult
0,3,male,35,0,0,7.8958,S,Mr,F,0,Single,Adult
0,3,male,27,0,0,7.8958,S,Mr,F,0,Single,Adult
0,3,male,19,0,0,7.8958,S,Mr,F,0,Single,Adult
0,3,male,30,0,0,8.05,S,Mr,C,0,Single,Adult
1,3,male,9,1,1,15.9,S,Nobleman,F,2,Small,Child
1,3,male,3,1,1,15.9,S,Nobleman,G,2,Small,Child
1,3,female,36,0,2,15.9,S,Mrs,C,2,Small,Adult
0,3,male,59,0,0,7.25,S,Mr,D,0,Single,Adult
0,3,male,19,0,0,8.1583,S,Mr,C,0,Single,Adult
1,3,female,17,0,1,16.1,S,Miss,F,1,Single,Child
0,3,male,44,0,1,16.1,S,Mr,D,1,Single,Adult
0,3,male,17,0,0,8.6625,S,Mr,E,0,Single,Child
0,3,male,22.5,0,0,7.225,C,Mr,A,0,Single,Adult
1,3,male,45,0,0,8.05,S,Mr,E,0,Single,Adult
0,3,female,22,0,0,10.5167,S,Miss,E,0,Single,Adult
0,3,male,19,0,0,10.1708,S,Mr,E,0,Single,Adult
1,3,female,30,0,0,6.95,Q,Miss,C,0,Single,Adult
1,3,male,29,0,0,7.75,Q,Mr,E,0,Single,Adult
0,3,male,0.3333,0,2,14.4,S,Nobleman,C,2,Small,Child
0,3,male,34,1,1,14.4,S,Mr,B,2,Small,Adult
0,3,female,28,1,1,14.4,S,Mrs,E,2,Small,Adult
0,3,male,27,0,0,7.8958,S,Mr,E,0,Single,Adult
0,3,male,25,0,0,7.8958,S,Mr,F,0,Single,Adult
0,3,male,24,2,0,24.15,S,Mr,C,2,Small,Adult
0,3,male,22,0,0,8.05,S,Mr,F,0,Single,Adult
0,3,male,21,2,0,24.15,S,Mr,C,2,Small,Adult
0,3,male,17,2,0,8.05,S,Mr,E,2,Small,Child
0,3,male,36.5,1,0,16.1,S,Mr,D,1,Single,Adult
1,3,female,36,1,0,16.1,S,Mrs,C,1,Single,Adult
1,3,male,36.5,1,0,17.4,S,Mr,G,1,Single,Adult
1,3,female,36,1,0,17.4,S,Mrs,C,1,Single,Adult
1,3,male,30,0,0,9.5,S,Mr,C,0,Single,Adult
0,3,male,16,0,0,9.5,S,Mr,F,0,Single,Child
1,3,male,1,1,2,20.575,S,Nobleman,E,3,Small,Child
1,3,female,0.1667,1,2,20.575,S,Miss,C,3,Small,Child
0,3,male,26,1,2,20.575,S,Mr,G,3,Small,Adult
1,3,female,33,1,2,20.575,S,Mrs,G,3,Small,Adult
0,3,male,25,0,0,7.8958,S,Mr,F,0,Single,Adult
0,3,male,19,0,0,7.8958,S,Mr,F,0,Single,Adult
0,3,male,28,0,0,7.8958,S,Mr,C,0,Single,Adult
0,3,male,22,0,0,7.25,S,Mr,C,0,Single,Adult
0,3,male,36,0,0,7.25,S,Mr,F,0,Single,Adult
1,3,female,19,0,0,7.8792,Q,Miss,D,0,Single,Adult
0,3,male,17,0,0,7.8958,S,Mr,F,0,Single,Child
0,3,male,42,0,0,8.6625,S,Mr,F,0,Single,Adult
0,3,male,43,0,0,7.8958,S,Mr,E,0,Single,Adult
0,3,male,22,0,0,7.2292,C,Mr,E,0,Single,Adult
0,3,male,32,0,0,7.75,Q,Mr,F,0,Single,Adult
1,3,male,19,0,0,8.05,S,Mr,F,0,Single,Adult
1,3,female,30,0,0,12.475,S,Miss,B,0,Single,Adult
0,3,female,24,0,0,7.75,Q,Miss,E,0,Single,Adult
1,3,female,23,0,0,8.05,S,Miss,E,0,Single,Adult
0,3,male,33,0,0,7.8958,C,Mr,E,0,Single,Adult
0,3,male,65,0,0,7.75,Q,Mr,D,0,Single,Adult
1,3,male,24,0,0,7.55,S,Mr,D,0,Single,Adult
0,3,male,23,1,0,13.9,S,Mr,F,1,Single,Adult
1,3,female,22,1,0,13.9,S,Mrs,C,1,Single,Adult
0,3,male,18,0,0,7.775,S,Mr,D,0,Single,Adult
0,3,male,16,0,0,7.775,S,Mr,F,0,Single,Child
0,3,male,45,0,0,6.975,S,Mr,F,0,Single,Adult
0,3,male,27,0,0,7.225,C,Mr,F,0,Single,Adult
0,3,male,39,0,2,7.2292,C,Mr,B,2,Small,Adult
0,3,male,17,1,1,7.2292,C,Mr,D,2,Small,Child
0,3,male,15,1,1,7.2292,C,Mr,A,2,Small,Child
0,3,male,47,0,0,7.25,S,Mr,C,0,Single,Adult
1,3,female,5,0,0,12.475,S,Miss,F,0,Single,Child
0,3,male,21,0,0,7.225,C,Mr,D,0,Single,Adult
0,3,male,40.5,0,0,15.1,S,Mr,F,0,Single,Adult
0,3,male,40.5,0,0,7.75,Q,Mr,F,0,Single,Adult
1,3,male,17,0,0,7.05,S,Mr,F,0,Single,Child
0,3,male,18,0,0,7.7958,S,Mr,F,0,Single,Adult
0,3,female,30,0,0,7.75,Q,Miss,C,0,Single,Adult
0,3,male,26,0,0,7.75,Q,Mr,B,0,Single,Adult
0,3,male,31,0,0,6.95,Q,Mr,F,0,Single,Adult
0,3,male,26,0,0,7.8792,Q,Mr,E,0,Single,Adult
0,3,male,48,0,0,7.75,Q,Mr,A,0,Single,Adult
1,3,male,26,0,0,56.4958,S,Mr,D,0,Single,Adult
0,3,female,21,2,2,34.375,S,Miss,E,4,Small,Adult
0,3,female,9,2,2,34.375,S,Miss,D,4,Small,Child
0,3,male,19,0,0,8.05,S,Mr,A,0,Single,Adult
0,3,male,18,2,2,34.375,S,Mr,D,4,Small,Adult
0,3,male,16,1,3,34.375,S,Mr,F,4,Small,Child
0,3,female,48,1,3,34.375,S,Mrs,D,4,Small,Adult
0,3,male,31,0,0,7.75,Q,Mr,F,0,Single,Adult
0,3,male,26,0,0,7.25,S,Mr,F,0,Single,Adult
0,3,male,25,0,0,7.7417,Q,Mr,F,0,Single,Adult
0,3,male,14,0,0,14.5,S,Mr,F,0,Single,Child
0,3,male,29,0,0,7.8958,C,Mr,E,0,Single,Adult
0,3,male,22,0,0,8.05,S,Mr,B,0,Single,Adult
1,3,female,16,0,0,7.7333,Q,Miss,F,0,Single,Child
1,3,female,30,0,0,7.75,Q,Miss,C,0,Single,Adult
1,3,male,9,0,2,20.525,S,Nobleman,E,2,Small,Child
0,3,male,33,1,1,20.525,S,Mr,D,2,Small,Adult
0,3,male,41,0,0,7.85,S,Mr,D,0,Single,Adult
1,3,female,31,1,1,20.525,S,Mrs,A,2,Small,Adult
0,3,male,38,0,0,7.05,S,Mr,F,0,Single,Adult
0,3,male,9,5,2,46.9,S,Nobleman,G,7,Large,Child
0,3,male,1,5,2,46.9,S,Nobleman,C,7,Large,Child
0,3,male,11,5,2,46.9,S,Nobleman,C,7,Large,Child
0,3,female,10,5,2,46.9,S,Miss,E,7,Large,Child
0,3,female,16,5,2,46.9,S,Miss,C,7,Large,Child
0,3,male,14,5,2,46.9,S,Mr,C,7,Large,Child
0,3,male,40,1,6,46.9,S,Mr,E,7,Large,Adult
0,3,female,43,1,6,46.9,S,Mrs,F,7,Large,Adult
0,3,male,51,0,0,8.05,S,Mr,F,0,Single,Adult
0,3,male,32,0,0,8.3625,S,Mr,A,0,Single,Adult
0,3,male,36,0,0,8.05,S,Mr,D,0,Single,Adult
0,3,male,20,0,0,9.8458,S,Mr,F,0,Single,Adult
0,3,male,37,2,0,7.925,S,Mr,F,2,Small,Adult
0,3,male,28,2,0,7.925,S,Mr,B,2,Small,Adult
0,3,male,19,0,0,7.775,S,Mr,F,0,Single,Adult
0,3,female,24,0,0,8.85,S,Miss,C,0,Single,Adult
0,3,female,17,0,0,7.7333,Q,Miss,B,0,Single,Child
0,3,male,22,1,0,19.9667,S,Mr,C,1,Single,Adult
0,3,male,30,1,0,19.9667,S,Mr,C,1,Single,Adult
0,3,male,28,1,0,15.85,S,Mr,B,1,Single,Adult
1,3,female,24,1,0,15.85,S,Mrs,C,1,Single,Adult
0,3,male,20,0,0,9.5,S,Mr,E,0,Single,Adult
0,3,male,23.5,0,0,7.2292,C,Mr,E,0,Single,Adult
0,3,male,41,2,0,14.1083,S,Mr,D,2,Small,Adult
0,3,male,26,1,0,7.8542,S,Mr,E,1,Single,Adult
0,3,male,21,0,0,7.8542,S,Mr,E,0,Single,Adult
1,3,female,45,1,0,14.1083,S,Mrs,E,1,Single,Adult
0,3,female,45,0,0,7.55,S,Miss,F,0,Single,Adult
0,3,male,25,0,0,7.25,S,Mr,F,0,Single,Adult
0,3,male,18,0,0,6.8583,Q,Mr,F,0,Single,Adult
0,3,male,11,0,0,18.7875,C,Mr,E,0,Single,Child
1,3,female,15,0,0,7.75,Q,Miss,C,0,Single,Child
1,3,male,27,0,0,6.975,S,Mr,C,0,Single,Adult
1,3,male,26,0,0,56.4958,S,Mr,E,0,Single,Adult
0,3,female,18,0,0,6.75,Q,Miss,C,0,Single,Adult
1,3,female,26,0,0,7.925,S,Miss,D,0,Single,Adult
0,3,female,23,0,0,7.925,S,Miss,F,0,Single,Adult
1,3,female,22,0,0,8.9625,S,Miss,F,0,Single,Adult
0,3,male,28,0,0,7.8958,S,Mr,F,0,Single,Adult
0,3,female,28,0,0,7.775,S,Miss,C,0,Single,Adult
0,3,female,22,0,0,7.75,Q,Miss,A,0,Single,Adult
1,3,female,2,0,1,12.2875,S,Miss,C,1,Single,Child
1,3,female,22,1,1,12.2875,S,Mrs,B,2,Small,Adult
0,3,male,43,0,0,6.45,S,Mr,F,0,Single,Adult
0,3,male,28,0,0,22.525,S,Mr,A,0,Single,Adult
1,3,female,27,0,0,7.925,S,Miss,D,0,Single,Adult
0,3,male,29,0,0,7.75,Q,Mr,F,0,Single,Adult
1,3,female,18,0,0,8.05,S,Miss,B,0,Single,Adult
0,3,male,42,0,0,7.65,S,Mr,F,0,Single,Adult
1,3,male,18,0,0,7.8875,S,Mr,E,0,Single,Adult
0,3,male,30,0,0,7.2292,C,Mr,E,0,Single,Adult
0,3,male,36,0,0,7.8958,S,Mr,F,0,Single,Adult
0,3,female,27,1,0,7.925,S,Miss,E,1,Single,Adult
0,3,female,25,1,0,7.925,S,Miss,B,1,Single,Adult
0,3,male,20,0,0,7.8958,S,Mr,F,0,Single,Adult
1,3,male,29,0,0,7.8958,C,Mr,C,0,Single,Adult
1,3,male,21,0,0,7.7958,S,Mr,D,0,Single,Adult
0,3,male,59,0,0,7.05,S,Mr,F,0,Single,Adult
0,3,male,20,0,0,7.8542,S,Mr,D,0,Single,Adult
0,3,male,48,0,0,7.8542,S,Mr,F,0,Single,Adult
0,3,male,17,1,0,7.0542,S,Mr,C,1,Single,Child
1,3,female,22,0,0,7.75,Q,Miss,F,0,Single,Adult
1,3,male,30,0,0,8.1125,S,Mr,E,0,Single,Adult
0,3,male,34,0,0,6.4958,S,Mr,F,0,Single,Adult
1,3,male,26,0,0,7.775,S,Mr,B,0,Single,Adult
0,3,male,22,0,0,7.7958,S,Mr,C,0,Single,Adult
0,3,male,33,0,0,8.6542,S,Mr,E,0,Single,Adult
0,3,male,31,0,0,7.775,S,Mr,C,0,Single,Adult
0,3,male,29,0,0,7.8542,S,Mr,F,0,Single,Adult
1,3,male,4,1,1,11.1333,S,Nobleman,E,2,Small,Child
1,3,female,1,1,1,11.1333,S,Miss,G,2,Small,Child
0,3,male,49,0,0,0,S,Mr,F,0,Single,Adult
0,3,male,33,0,0,7.775,S,Mr,D,0,Single,Adult
0,3,male,19,0,0,0,S,Mr,B,0,Single,Adult
1,3,female,27,0,2,11.1333,S,Mrs,E,2,Small,Adult
0,3,male,1,1,2,23.45,S,Nobleman,E,3,Small,Child
0,3,female,21,1,2,23.45,S,Miss,B,3,Small,Adult
0,3,male,25,1,2,23.45,S,Mr,F,3,Small,Adult
0,3,female,36,1,2,23.45,S,Mrs,F,3,Small,Adult
0,3,male,23,0,0,7.8958,S,Mr,F,0,Single,Adult
1,3,male,32,0,0,7.8542,S,Mr,E,0,Single,Adult
0,3,male,27,0,0,7.8542,S,Mr,B,0,Single,Adult
0,3,female,20,1,0,9.825,S,Miss,B,1,Single,Adult
0,3,female,21,1,0,9.825,S,Miss,C,1,Single,Adult
1,3,male,32,0,0,7.925,S,Mr,E,0,Single,Adult
0,3,male,17,0,0,7.125,S,Mr,F,0,Single,Child
0,3,male,21,0,0,8.4333,S,Mr,F,0,Single,Adult
0,3,male,30,0,0,7.8958,S,Mr,F,0,Single,Adult
1,3,male,21,0,0,7.7958,S,Mr,F,0,Single,Adult
0,3,male,33,0,0,7.8542,S,Mr,F,0,Single,Adult
0,3,male,22,0,0,7.5208,S,Mr,F,0,Single,Adult
1,3,female,4,0,1,13.4167,C,Miss,B,1,Single,Child
1,3,male,39,0,1,13.4167,C,Mr,E,1,Single,Adult
0,3,male,33,0,0,7.2292,C,Mr,F,0,Single,Adult
0,3,male,18.5,0,0,7.2292,C,Mr,F,0,Single,Adult
0,3,male,28,0,0,7.75,Q,Mr,C,0,Single,Adult
0,3,male,28,0,0,7.25,S,Mr,F,0,Single,Adult
1,3,female,19,0,0,7.75,Q,Miss,E,0,Single,Adult
1,3,female,18,0,0,7.75,Q,Miss,B,0,Single,Adult
0,3,male,34.5,0,0,7.8292,Q,Mr,F,0,Single,Adult
0,3,male,44,0,0,8.05,S,Mr,D,0,Single,Adult
1,3,male,31,0,0,7.75,Q,Mr,F,0,Single,Adult
0,3,male,20,1,0,14.4542,C,Mr,A,1,Single,Adult
0,3,female,24,1,0,14.4542,C,Mrs,B,1,Single,Adult
0,3,male,21,1,0,7.75,Q,Mr,A,1,Single,Adult
0,3,male,23,1,0,7.75,Q,Mr,C,1,Single,Adult
0,3,male,19,0,0,7.7375,Q,Mr,D,0,Single,Adult
0,3,female,22,2,0,8.6625,S,Miss,D,2,Small,Adult
0,3,male,26,2,0,8.6625,S,Mr,C,2,Small,Adult
1,3,female,4,0,2,22.025,S,Miss,E,2,Small,Child
1,3,male,29,3,1,22.025,S,Mr,C,4,Small,Adult
1,3,female,26,1,1,22.025,S,Mrs,E,2,Small,Adult
0,3,female,1,1,1,12.1833,S,Miss,C,2,Small,Child
0,3,male,18,1,1,7.8542,S,Mr,F,2,Small,Adult
0,3,female,36,0,2,12.1833,S,Mrs,E,2,Small,Adult
0,3,male,34.5,0,0,7.8958,C,Mr,F,0,Single,Adult
1,3,male,25,0,0,7.2292,C,Mr,F,0,Single,Adult
0,3,male,23.5,0,0,7.225,C,Mr,B,0,Single,Adult
0,3,female,37,0,0,9.5875,S,Miss,E,0,Single,Adult
0,3,male,22,0,0,7.8958,S,Mr,B,0,Single,Adult
1,3,male,43,0,0,56.4958,S,Mr,E,0,Single,Adult
0,3,male,26,0,0,56.4958,S,Mr,D,0,Single,Adult
1,3,female,22,0,0,7.25,S,Miss,C,0,Single,Adult
0,3,male,65,0,0,7.75,Q,Mr,C,0,Single,Adult
1,3,male,26,0,0,56.4958,S,Mr,C,0,Single,Adult
0,3,male,29,0,0,9.4833,S,Mr,D,0,Single,Adult
0,3,male,29,0,0,7.775,S,Mr,F,0,Single,Adult
0,3,male,22,0,0,7.775,S,Mr,F,0,Single,Adult
1,3,male,22,0,0,7.225,C,Mr,E,0,Single,Adult
0,3,male,8,3,1,25.4667,S,Nobleman,C,4,Small,Child
0,3,female,2,3,1,25.4667,S,Miss,E,4,Small,Child
0,3,female,3,3,1,25.4667,S,Miss,B,4,Small,Child
0,3,female,8,3,1,25.4667,S,Miss,C,4,Small,Child
0,3,female,38,0,4,25.4667,S,Mrs,E,4,Small,Adult
0,3,male,32,0,0,7.925,S,Mr,F,0,Single,Adult
0,3,male,34.5,0,0,6.4375,C,Mr,F,0,Single,Adult
0,3,female,29,1,0,15.5,Q,Miss,C,1,Single,Adult
0,3,male,40.5,1,0,15.5,Q,Mr,F,1,Single,Adult
0,3,male,36,0,0,0,S,Mr,B,0,Single,Adult
0,3,male,39,0,0,24.15,S,Mr,F,0,Single,Adult
0,3,male,24,0,0,9.5,S,Mr,F,0,Single,Adult
0,3,female,25,0,0,7.775,S,Miss,F,0,Single,Adult
0,3,female,45,0,0,7.75,S,Miss,F,0,Single,Adult
0,3,male,36,1,0,15.55,S,Mr,F,1,Single,Adult
0,3,female,30,1,0,15.55,S,Mrs,C,1,Single,Adult
1,3,male,20,1,0,7.925,S,Mr,C,1,Single,Adult
0,3,male,21,0,0,7.8792,Q,Mr,C,0,Single,Adult
0,3,male,28,0,0,56.4958,S,Mr,B,0,Single,Adult
0,3,male,45,0,0,7.55,S,Mr,F,0,Single,Adult
0,3,male,30,1,0,16.1,S,Mr,F,1,Single,Adult
0,3,female,26,1,0,16.1,S,Mrs,C,1,Single,Adult
0,3,male,24,0,0,7.8792,S,Mr,F,0,Single,Adult
0,3,male,20.5,0,0,7.25,S,Mr,F,0,Single,Adult
1,3,male,27,0,0,8.6625,S,Mr,C,0,Single,Adult
0,3,male,51,0,0,7.0542,S,Mr,C,0,Single,Adult
1,3,female,23,0,0,7.8542,S,Miss,D,0,Single,Adult
1,3,male,32,0,0,7.5792,S,Mr,C,0,Single,Adult
0,3,male,19,0,0,7.8958,S,Mr,F,0,Single,Adult
0,3,male,24,0,0,7.55,S,Mr,F,0,Single,Adult
1,3,female,19,0,0,7.75,Q,Miss,C,0,Single,Adult
1,3,male,24,0,0,7.1417,S,Mr,B,0,Single,Adult
0,3,male,22,0,0,7.125,S,Mr,F,0,Single,Adult
0,3,female,21,0,0,7.8792,Q,Miss,F,0,Single,Adult
0,3,male,32,0,0,7.75,Q,Mr,E,0,Single,Adult
0,3,male,24,0,0,8.05,S,Mr,D,0,Single,Adult
0,3,male,29,0,0,7.925,S,Mr,F,0,Single,Adult
1,3,male,19,0,0,7.2292,C,Mr,C,0,Single,Adult
0,3,female,30.5,0,0,7.75,Q,Miss,C,0,Single,Adult
1,3,female,30.5,0,0,7.7375,Q,Miss,B,0,Single,Adult
0,3,male,25,0,0,7.2292,C,Mr,F,0,Single,Adult
0,3,male,35,0,0,7.8958,C,Mr,F,0,Single,Adult
0,3,male,33,0,0,7.8958,S,Mr,F,0,Single,Adult
1,3,female,18,0,0,7.225,C,Mrs,C,0,Single,Adult
0,3,male,27,0,0,7.8958,C,Mr,C,0,Single,Adult
1,3,female,35,0,0,7.75,Q,Miss,E,0,Single,Adult
1,3,male,21,0,0,7.75,Q,Mr,C,0,Single,Adult
1,3,female,9,2,0,23.25,Q,Miss,A,2,Small,Child
1,3,female,22,2,0,23.25,Q,Miss,D,2,Small,Adult
1,3,male,32,2,0,23.25,Q,Mr,D,2,Small,Adult
1,3,female,17,0,0,7.7875,Q,Miss,E,0,Single,Child
0,3,male,70.5,0,0,15.5,Q,Mr,A,0,Single,Adult
1,3,female,17,0,0,7.8792,Q,Miss,C,0,Single,Child
1,3,female,15,0,0,8.0292,Q,Miss,D,0,Single,Child
0,3,female,35,0,0,7.75,Q,Miss,F,0,Single,Adult
0,3,male,20,0,0,7.75,Q,Mr,F,0,Single,Adult
0,3,male,24,1,0,16.1,S,Mr,A,1,Single,Adult
0,3,female,19,1,0,16.1,S,Mrs,G,1,Single,Adult
0,3,female,22.5,0,0,7.75,Q,Miss,E,0,Single,Adult
0,3,female,14,0,0,8.05,S,Miss,C,0,Single,Child
0,3,female,27,0,0,8.05,S,Mrs,G,0,Single,Adult
0,3,male,55.5,0,0,8.05,S,Mr,B,0,Single,Adult
0,3,male,18,0,0,7.75,Q,Mr,C,0,Single,Adult
1,3,male,21,0,0,7.775,S,Mr,D,0,Single,Adult
0,3,male,22,0,0,8.05,S,Mr,E,0,Single,Adult
0,3,male,24,0,0,7.8958,S,Mr,F,0,Single,Adult
0,3,male,21,0,0,7.8958,S,Mr,E,0,Single,Adult
0,3,male,28,0,0,7.8958,S,Mr,F,0,Single,Adult
0,3,male,29,0,0,7.8958,S,Mr,D,0,Single,Adult
1,3,female,18,0,0,7.8792,Q,Miss,D,0,Single,Adult
0,3,male,25,0,0,7.65,S,Mr,F,0,Single,Adult
1,3,male,6,0,1,12.475,S,Nobleman,E,1,Single,Child
1,3,female,27,0,1,12.475,S,Mrs,E,1,Single,Adult
0,3,male,50,0,0,8.05,S,Mr,C,0,Single,Adult
1,3,female,9,1,0,24.15,Q,Miss,E,1,Single,Child
0,3,male,26,1,0,24.15,Q,Mr,C,1,Single,Adult
0,3,male,20,0,0,8.4583,Q,Mr,C,0,Single,Adult
0,3,male,34,0,0,8.05,S,Mr,B,0,Single,Adult
0,3,male,56,0,0,7.75,Q,Mr,C,0,Single,Adult
1,3,male,26,0,0,7.775,S,Mr,F,0,Single,Adult
1,3,male,6,1,1,15.2458,C,Nobleman,E,2,Small,Child
1,3,male,9,1,1,15.2458,C,Nobleman,E,2,Small,Child
1,3,female,19,0,2,15.2458,C,Mrs,E,2,Small,Adult
1,3,female,32.5,0,0,7.2292,C,Mrs,B,0,Single,Adult
0,3,male,21,0,0,8.05,S,Mr,F,0,Single,Adult
1,3,female,23,0,0,7.7333,Q,Miss,G,0,Single,Adult
1,3,female,24,0,0,7.75,Q,Miss,C,0,Single,Adult
0,3,male,35,0,0,8.05,S,Mr,C,0,Single,Adult
1,3,female,14.5,1,0,15.5,Q,Miss,D,1,Single,Child
1,3,female,18,1,0,15.5,Q,Miss,B,1,Single,Adult
1,3,female,17,0,0,15.5,Q,Miss,E,0,Single,Child
0,3,male,18,0,0,7.75,S,Mr,D,0,Single,Adult
0,3,male,22,0,0,7.8958,S,Mr,C,0,Single,Adult
1,3,female,15,0,0,7.225,C,Miss,C,0,Single,Child
1,3,female,1,0,2,15.7417,C,Miss,C,2,Small,Child
1,3,male,20,1,1,15.7417,C,Mr,D,2,Small,Adult
1,3,female,19,1,1,15.7417,C,Mrs,C,2,Small,Adult
0,3,male,33,0,0,8.05,S,Mr,D,0,Single,Adult
0,3,male,16,0,0,7.8958,S,Mr,F,0,Single,Child
0,3,male,30,0,0,7.2292,C,Mr,A,0,Single,Adult
0,3,female,61,0,0,7.75,Q,Miss,F,0,Single,Adult
0,3,male,28,0,0,7.8958,S,Mr,E,0,Single,Adult
1,3,male,12,1,0,11.2417,C,Nobleman,E,1,Single,Child
1,3,female,14,1,0,11.2417,C,Miss,C,1,Single,Child
0,3,female,29,0,0,7.925,S,Miss,C,0,Single,Adult
0,3,male,28,0,0,8.05,S,Mr,B,0,Single,Adult
1,3,female,18,0,0,7.775,S,Miss,D,0,Single,Adult
1,3,female,26,0,0,7.8542,S,Miss,E,0,Single,Adult
0,3,male,21,0,0,7.8542,S,Mr,F,0,Single,Adult
0,3,male,41,0,0,7.125,S,Mr,F,0,Single,Adult
1,3,male,39,0,0,7.925,S,Mr,E,0,Single,Adult
0,3,male,21,0,0,7.8,S,Mr,F,0,Single,Adult
0,3,male,28.5,0,0,7.2292,C,Mr,F,0,Single,Adult
1,3,female,22,0,0,7.75,S,Miss,A,0,Single,Adult
0,3,male,61,0,0,6.2375,S,Mr,A,0,Single,Adult
0,3,male,20,1,0,15.5,Q,Mr,C,1,Single,Adult
0,3,male,25,0,0,7.8292,Q,Mr,F,0,Single,Adult
1,3,female,30,1,0,15.5,Q,Mrs,D,1,Single,Adult
0,3,male,21,0,0,7.7333,Q,Mr,F,0,Single,Adult
0,3,male,31,0,0,7.75,Q,Mr,F,0,Single,Adult
0,3,male,36,0,0,7.75,Q,Mr,D,0,Single,Adult
0,3,male,23,0,0,9.225,S,Mr,C,0,Single,Adult
0,3,female,18,0,0,7.75,Q,Miss,D,0,Single,Adult
1,3,female,36,0,0,7.75,Q,Miss,F,0,Single,Adult
1,3,female,22,0,0,7.8792,Q,Miss,C,0,Single,Adult
1,3,female,22,0,0,7.775,S,Miss,F,0,Single,Adult
1,3,male,70.5,0,0,7.75,Q,Mr,A,0,Single,Adult
1,3,female,23,0,0,7.8292,Q,Miss,C,0,Single,Adult
1,3,male,9,0,1,3.1708,S,Nobleman,E,1,Single,Child
0,3,male,28,0,0,22.525,S,Mr,C,0,Single,Adult
0,3,male,42,0,1,8.4042,S,Mr,A,1,Single,Adult
0,3,male,17,0,0,7.3125,S,Mr,F,0,Single,Child
0,3,female,31,0,0,7.8542,S,Miss,G,0,Single,Adult
0,3,male,28,0,0,7.8542,S,Mr,F,0,Single,Adult
1,3,male,32,0,0,7.775,S,Mr,F,0,Single,Adult
0,3,male,20,0,0,9.225,S,Mr,A,0,Single,Adult
0,3,female,23,0,0,8.6625,S,Miss,D,0,Single,Adult
0,3,female,20,0,0,8.6625,S,Miss,E,0,Single,Adult
0,3,male,20,0,0,8.6625,S,Mr,C,0,Single,Adult
0,3,male,16,0,0,9.2167,S,Mr,F,0,Single,Child
1,3,female,31,0,0,8.6833,S,Mrs,E,0,Single,Adult
0,3,female,18,0,0,7.6292,Q,Miss,D,0,Single,Adult
0,3,male,2,3,1,21.075,S,Nobleman,A,4,Small,Child
0,3,male,6,3,1,21.075,S,Nobleman,A,4,Small,Child
0,3,female,3,3,1,21.075,S,Miss,C,4,Small,Child
0,3,female,8,3,1,21.075,S,Miss,A,4,Small,Child
0,3,female,29,0,4,21.075,S,Mrs,A,4,Small,Adult
0,3,male,1,4,1,39.6875,S,Nobleman,E,5,Large,Child
0,3,male,7,4,1,39.6875,S,Nobleman,C,5,Large,Child
0,3,male,2,4,1,39.6875,S,Nobleman,C,5,Large,Child
0,3,male,16,4,1,39.6875,S,Mr,A,5,Large,Child
0,3,male,14,4,1,39.6875,S,Mr,D,5,Large,Child
0,3,female,41,0,5,39.6875,S,Mrs,B,5,Large,Adult
0,3,male,21,0,0,8.6625,S,Mr,C,0,Single,Adult
0,3,male,19,0,0,14.5,S,Mr,F,0,Single,Adult
0,3,male,21,0,0,8.7125,C,Mr,A,0,Single,Adult
0,3,male,32,0,0,7.8958,S,Mr,E,0,Single,Adult
0,3,male,0.75,1,1,13.775,S,Nobleman,F,2,Small,Child
0,3,female,3,1,1,13.775,S,Miss,D,2,Small,Child
0,3,female,26,0,2,13.775,S,Mrs,G,2,Small,Adult
0,3,male,35,0,0,7,S,Mr,F,0,Single,Adult
0,3,male,32,0,0,7.775,S,Mr,F,0,Single,Adult
0,3,male,24,0,0,8.05,S,Mr,E,0,Single,Adult
0,3,male,21,0,0,7.925,S,Mr,C,0,Single,Adult
0,3,male,25,0,0,7.925,S,Mr,D,0,Single,Adult
0,3,male,22,0,0,7.25,S,Mr,C,0,Single,Adult
1,3,male,25,1,0,7.775,S,Mr,C,1,Single,Adult
1,3,male,6,1,1,22.3583,C,Nobleman,E,2,Small,Child
1,3,female,4,1,1,22.3583,C,Miss,F,2,Small,Child
1,3,female,26,0,2,22.3583,C,Mrs,G,2,Small,Adult
0,3,female,47,0,0,8.1375,Q,Miss,B,0,Single,Adult
0,3,male,24,0,0,8.05,S,Mr,F,0,Single,Adult
0,3,female,28,0,0,7.8958,S,Miss,C,0,Single,Adult
0,3,male,19,0,0,7.8958,S,Mr,F,0,Single,Adult
0,3,male,29,0,0,7.8958,S,Mr,C,0,Single,Adult
0,3,male,25,1,0,7.775,S,Mr,D,1,Single,Adult
0,3,female,18,0,0,7.775,S,Miss,F,0,Single,Adult
1,3,male,32,0,0,8.05,S,Mr,E,0,Single,Adult
0,3,male,18,0,0,7.8958,S,Mr,E,0,Single,Adult
0,3,male,17,0,0,8.6625,S,Mr,F,0,Single,Child
0,3,male,24,0,0,8.6625,S,Mr,C,0,Single,Adult
0,3,male,30,0,0,7.8958,S,Mr,B,0,Single,Adult
0,3,female,23,0,0,8.1125,S,Mrs,D,0,Single,Adult
0,3,male,26.5,0,0,7.2292,C,Mr,C,0,Single,Adult
0,3,male,45,0,0,7.25,S,Mr,F,0,Single,Adult
0,3,male,38,0,0,7.8958,S,Mr,F,0,Single,Adult
0,3,male,21,0,0,8.05,S,Mr,D,0,Single,Adult
0,3,male,10,4,1,29.125,Q,Nobleman,E,5,Large,Child
0,3,male,4,4,1,29.125,Q,Nobleman,E,5,Large,Child
0,3,male,7,4,1,29.125,Q,Nobleman,F,5,Large,Child
0,3,male,2,4,1,29.125,Q,Nobleman,E,5,Large,Child
0,3,male,8,4,1,29.125,Q,Nobleman,C,5,Large,Child
0,3,female,39,0,5,29.125,Q,Mrs,F,5,Large,Adult
0,3,female,22,0,0,39.6875,S,Miss,G,0,Single,Adult
0,3,male,35,0,0,7.125,S,Mr,F,0,Single,Adult
1,3,female,23,0,0,7.7208,Q,Miss,D,0,Single,Adult
0,3,male,21,0,0,14.5,S,Mr,A,0,Single,Adult
0,3,female,50,0,0,14.5,S,Mrs,E,0,Single,Adult
0,3,male,50,1,0,14.5,S,Mr,C,1,Single,Adult
0,3,female,47,1,0,14.5,S,Mrs,C,1,Single,Adult
0,3,male,33,0,0,8.05,S,Mr,F,0,Single,Adult
0,3,male,24,0,0,7.775,S,Mr,F,0,Single,Adult
0,3,female,2,1,1,20.2125,S,Miss,C,2,Small,Child
0,3,male,18,1,1,20.2125,S,Mr,G,2,Small,Adult
0,3,female,41,0,2,20.2125,S,Mrs,A,2,Small,Adult
1,3,female,25,0,0,8.05,S,Miss,E,0,Single,Adult
0,3,male,50,0,0,8.05,S,Mr,F,0,Single,Adult
0,3,male,16,0,0,8.05,S,Mr,D,0,Single,Child
1,3,male,32,0,0,7.75,Q,Mr,C,0,Single,Adult
0,3,male,45,0,0,24.15,Q,Mr,F,0,Single,Adult
0,3,male,32,0,0,7.2292,C,Mr,C,0,Single,Adult
0,3,male,25,0,0,7.225,C,Mr,C,0,Single,Adult
0,3,male,19,0,0,7.225,C,Mr,C,0,Single,Adult
0,3,male,24,0,0,7.7292,Q,Mr,F,0,Single,Adult
0,3,male,20,0,0,7.575,S,Mr,F,0,Single,Adult
0,3,male,38.5,0,0,7.25,S,Mr,F,0,Single,Adult
0,3,male,13,8,2,69.55,S,Nobleman,E,10,Large,Child
0,3,male,14.5,8,2,69.55,S,Nobleman,C,10,Large,Child
0,3,female,10,8,2,69.55,S,Miss,E,10,Large,Child
0,3,female,14,8,2,69.55,S,Miss,D,10,Large,Child
0,3,female,16,8,2,69.55,S,Miss,B,10,Large,Child
0,3,female,16,8,2,69.55,S,Miss,E,10,Large,Child
0,3,male,14,8,2,69.55,S,Mr,C,10,Large,Child
0,3,male,19,8,2,69.55,S,Mr,C,10,Large,Adult
0,3,male,14,8,2,69.55,S,Mr,C,10,Large,Child
0,3,male,32,1,9,69.55,S,Mr,E,10,Large,Adult
0,3,female,39,1,9,69.55,S,Mrs,E,10,Large,Adult
0,3,male,24,0,0,9.325,S,Mr,B,0,Single,Adult
1,3,female,21,0,0,7.65,S,Miss,F,0,Single,Adult
0,3,male,39,0,0,7.925,S,Mr,F,0,Single,Adult
0,3,male,36,2,0,21.6792,C,Mr,B,2,Small,Adult
0,3,male,33,2,0,21.6792,C,Mr,C,2,Small,Adult
0,3,male,18.5,2,0,21.6792,C,Mr,D,2,Small,Adult
1,3,female,1,1,1,16.7,S,Miss,G,2,Small,Child
1,3,female,24,0,2,16.7,S,Mrs,G,2,Small,Adult
1,3,female,4,1,1,16.7,S,Miss,G,2,Small,Child
1,3,male,25,0,0,9.5,S,Mr,F,0,Single,Adult
0,3,male,20,0,0,8.05,S,Mr,C,0,Single,Adult
0,3,male,24.5,0,0,8.05,S,Mr,F,0,Single,Adult
0,3,male,19,0,0,7.725,Q,Mr,F,0,Single,Adult
0,3,male,25,0,0,7.8958,S,Mr,F,0,Single,Adult
0,3,male,61,0,0,7.75,Q,Mr,C,0,Single,Adult
1,3,male,29,0,0,9.5,S,Mr,D,0,Single,Adult
0,3,male,21,0,0,15.1,S,Mr,D,0,Single,Adult
1,3,female,22,0,0,7.7792,Q,Miss,F,0,Single,Adult
0,3,male,21,0,0,8.05,S,Mr,F,0,Single,Adult
0,3,male,33,0,0,8.05,S,Mr,F,0,Single,Adult
0,3,male,22,0,0,7.2292,C,Mr,F,0,Single,Adult
0,3,male,19,0,0,8.05,S,Mr,E,0,Single,Adult
0,3,male,40,0,0,7.8958,S,Mr,F,0,Single,Adult
0,3,male,21,0,0,7.925,S,Mr,D,0,Single,Adult
1,3,female,18,0,0,7.4958,S,Miss,F,0,Single,Adult
0,3,male,4,3,2,27.9,S,Nobleman,F,5,Large,Child
0,3,male,10,3,2,27.9,S,Nobleman,C,5,Large,Child
0,3,female,9,3,2,27.9,S,Miss,C,5,Large,Child
0,3,female,2,3,2,27.9,S,Miss,E,5,Large,Child
0,3,male,40,1,4,27.9,S,Mr,D,5,Large,Adult
0,3,female,45,1,4,27.9,S,Mrs,B,5,Large,Adult
0,3,male,22,0,0,7.8958,S,Mr,D,0,Single,Adult
0,3,male,32,0,0,8.05,S,Mr,F,0,Single,Adult
0,3,male,24,0,0,8.6625,S,Mr,F,0,Single,Adult
0,3,male,20,0,0,7.75,Q,Mr,F,0,Single,Adult
1,3,female,20,0,0,7.7333,Q,Miss,C,0,Single,Adult
0,3,male,19,0,0,7.65,S,Mr,F,0,Single,Adult
0,3,male,30,0,0,8.05,S,Mr,F,0,Single,Adult
0,3,male,25,0,0,8.05,S,Mr,F,0,Single,Adult
0,3,male,32,0,0,8.05,S,Mr,F,0,Single,Adult
0,3,male,24,0,0,7.8958,S,Mr,F,0,Single,Adult
0,3,male,33,0,0,8.6625,C,Mr,C,0,Single,Adult
1,3,female,23,0,0,7.55,S,Miss,F,0,Single,Adult
0,3,male,21,0,0,8.05,S,Mr,F,0,Single,Adult
0,3,male,60.5,0,0,8.05,S,Mr,G,0,Single,Adult
0,3,male,19,0,0,7.8958,S,Mr,F,0,Single,Adult
0,3,female,22,0,0,9.8375,S,Miss,F,0,Single,Adult
1,3,male,31,0,0,7.925,S,Mr,B,0,Single,Adult
0,3,male,27,0,0,8.6625,S,Mr,C,0,Single,Adult
0,3,female,2,0,1,10.4625,S,Miss,G,1,Single,Child
0,3,female,29,1,1,10.4625,S,Mrs,G,2,Small,Adult
1,3,male,16,0,0,8.05,S,Mr,E,0,Single,Child
1,3,male,44,0,0,7.925,S,Mr,B,0,Single,Adult
0,3,male,25,0,0,7.05,S,Mr,F,0,Single,Adult
0,3,male,74,0,0,7.775,S,Mr,F,0,Single,Adult
1,3,male,14,0,0,9.225,S,Mr,F,0,Single,Child
0,3,male,24,0,0,7.7958,S,Mr,B,0,Single,Adult
1,3,male,25,0,0,7.7958,S,Mr,F,0,Single,Adult
0,3,male,34,0,0,8.05,S,Mr,D,0,Single,Adult
1,3,male,0.4167,0,1,8.5167,C,Nobleman,E,1,Single,Child
0,3,male,40,1,0,6.4375,C,Mr,C,1,Single,Adult
0,3,male,28.5,0,0,6.4375,C,Mr,F,0,Single,Adult
0,3,male,33,0,0,7.225,C,Mr,F,0,Single,Adult
1,3,female,16,1,1,8.5167,C,Mrs,F,2,Small,Child
0,3,male,48,0,0,8.05,S,Mr,E,0,Single,Adult
0,3,male,26,1,0,16.1,S,Mr,C,1,Single,Adult
1,3,female,15,1,0,16.1,S,Mrs,C,1,Single,Child
0,3,male,32,0,0,7.925,S,Mr,E,0,Single,Adult
0,3,male,19,0,0,7.75,Q,Mr,F,0,Single,Adult
0,3,male,22,0,0,7.8958,S,Mr,F,0,Single,Adult
0,3,male,30.5,0,0,8.05,S,Mr,F,0,Single,Adult
0,3,male,44,0,0,8.05,S,Mr,E,0,Single,Adult
0,3,male,21,0,0,7.2292,C,Mr,F,0,Single,Adult
1,3,male,25,0,0,0,S,Mr,C,0,Single,Adult
0,3,male,18.5,0,0,7.2292,C,Mr,C,0,Single,Adult
1,3,male,7,1,1,15.2458,C,Nobleman,B,2,Small,Child
1,3,female,9,1,1,15.2458,C,Miss,E,2,Small,Child
1,3,female,29,0,2,15.2458,C,Mrs,F,2,Small,Adult
0,3,male,36,0,0,7.8958,S,Mr,F,0,Single,Adult
1,3,female,18,0,0,9.8417,S,Miss,E,0,Single,Adult
1,3,female,63,0,0,9.5875,S,Mrs,C,0,Single,Adult
0,3,male,6,1,1,14.5,S,Nobleman,E,2,Small,Child
0,3,male,11.5,1,1,14.5,S,Nobleman,D,2,Small,Child
0,3,male,40.5,0,2,14.5,S,Mr,F,2,Small,Adult
0,3,female,10,0,2,24.15,S,Miss,D,2,Small,Child
0,3,male,36,1,1,24.15,S,Mr,D,2,Small,Adult
0,3,female,30,1,1,24.15,S,Mrs,B,2,Small,Adult
0,3,male,34,0,0,9.5,S,Mr,E,0,Single,Adult
0,3,male,33,0,0,9.5,S,Mr,F,0,Single,Adult
0,3,male,28,0,0,9.5,S,Mr,F,0,Single,Adult
0,3,male,28,0,0,9.5,S,Mr,F,0,Single,Adult
0,3,male,47,0,0,9,S,Mr,A,0,Single,Adult
0,3,female,18,2,0,18,S,Miss,C,2,Small,Adult
0,3,male,31,3,0,18,S,Mr,C,3,Small,Adult
0,3,male,16,2,0,18,S,Mr,F,2,Small,Child
0,3,female,31,1,0,18,S,Mrs,F,1,Single,Adult
1,3,male,22,0,0,7.225,C,Mr,B,0,Single,Adult
0,3,male,20,0,0,7.8542,S,Mr,D,0,Single,Adult
0,3,female,14,0,0,7.8542,S,Miss,F,0,Single,Child
0,3,male,22,0,0,7.8958,S,Mr,F,0,Single,Adult
0,3,male,22,0,0,9,S,Mr,D,0,Single,Adult
0,3,male,26,0,0,8.05,S,Mr,A,0,Single,Adult
0,3,male,44,0,0,7.55,S,Mr,C,0,Single,Adult
0,3,male,48,0,0,8.05,S,Mr,E,0,Single,Adult
0,3,male,32.5,0,0,9.5,S,Mr,D,0,Single,Adult
1,3,female,38,0,0,7.2292,C,Mrs,C,0,Single,Adult
0,3,male,51,0,0,7.75,S,Mr,F,0,Single,Adult
0,3,male,18,1,0,6.4958,S,Mr,F,1,Single,Adult
0,3,male,21,1,0,6.4958,S,Mr,D,1,Single,Adult
1,3,female,47,1,0,7,S,Mrs,C,1,Single,Adult
0,3,male,22,0,0,8.7125,S,Mr,B,0,Single,Adult
0,3,male,30.5,0,0,7.55,S,Mr,C,0,Single,Adult
0,3,male,44,0,0,8.05,S,Mr,D,0,Single,Adult
0,3,male,28.5,0,0,16.1,S,Mr,C,0,Single,Adult
0,3,male,21,0,0,7.25,S,Mr,C,0,Single,Adult
0,3,male,27,0,0,8.6625,S,Mr,E,0,Single,Adult
0,3,male,25,0,0,7.25,S,Mr,F,0,Single,Adult
0,3,male,36,0,0,9.5,S,Mr,D,0,Single,Adult
0,3,male,27,1,0,14.4542,C,Mr,C,1,Single,Adult
1,3,female,15,1,0,14.4542,C,Mrs,E,1,Single,Child
0,3,male,45.5,0,0,7.225,C,Mr,B,0,Single,Adult
0,3,male,37,0,0,7.225,C,Mr,F,0,Single,Adult
0,3,male,11,0,0,14.4583,C,Mr,F,0,Single,Child
0,3,female,14.5,1,0,14.4542,C,Miss,C,1,Single,Child
0,3,female,14.5,1,0,14.4542,C,Miss,B,1,Single,Child
0,3,male,26.5,0,0,7.225,C,Mr,A,0,Single,Adult
0,3,male,27,0,0,7.225,C,Mr,C,0,Single,Adult
0,3,male,29,0,0,7.875,S,Mr,F,0,Single,Adult
0,3,,34,0,0,7,,Miss,F,0,Single,Adult
